order_id,product_id,unit_price,quantity,discount,_sdc_source_bucket,_sdc_source_file,_sdc_source_lineno
10248,11,14,12,0,test,order_details.csv,2
10248,42,9.8,10,0,test,order_details.csv,3
10248,72,34.8,5,0,test,order_details.csv,4
10249,14,18.6,9,0,test,order_details.csv,5
10249,51,42.4,40,0,test,order_details.csv,6
10250,41,7.7,10,0,test,order_details.csv,7
10250,51,42.4,35,0.15,test,order_details.csv,8
10250,65,16.8,15,0.15,test,order_details.csv,9
10251,22,16.8,6,0.05,test,order_details.csv,10
10251,57,15.6,15,0.05,test,order_details.csv,11
10251,65,16.8,20,0,test,order_details.csv,12
10252,20,64.8,40,0.05,test,order_details.csv,13
10252,33,2,25,0.05,test,order_details.csv,14
10252,60,27.2,40,0,test,order_details.csv,15
10253,31,10,20,0,test,order_details.csv,16
10253,39,14.4,42,0,test,order_details.csv,17
10253,49,16,40,0,test,order_details.csv,18
10254,24,3.6,15,0.15,test,order_details.csv,19
10254,55,19.2,21,0.15,test,order_details.csv,20
10254,74,8,21,0,test,order_details.csv,21
10255,2,15.2,20,0,test,order_details.csv,22
10255,16,13.9,35,0,test,order_details.csv,23
10255,36,15.2,25,0,test,order_details.csv,24
10255,59,44,30,0,test,order_details.csv,25
10256,53,26.2,15,0,test,order_details.csv,26
10256,77,10.4,12,0,test,order_details.csv,27
10257,27,35.1,25,0,test,order_details.csv,28
10257,39,14.4,6,0,test,order_details.csv,29
10257,77,10.4,15,0,test,order_details.csv,30
10258,2,15.2,50,0.2,test,order_details.csv,31
10258,5,17,65,0.2,test,order_details.csv,32
10258,32,25.6,6,0.2,test,order_details.csv,33
10259,21,8,10,0,test,order_details.csv,34
10259,37,20.8,1,0,test,order_details.csv,35
10260,41,7.7,16,0.25,test,order_details.csv,36
10260,57,15.6,50,0,test,order_details.csv,37
10260,62,39.4,15,0.25,test,order_details.csv,38
10260,70,12,21,0.25,test,order_details.csv,39
10261,21,8,20,0,test,order_details.csv,40
10261,35,14.4,20,0,test,order_details.csv,41
10262,5,17,12,0.2,test,order_details.csv,42
10262,7,24,15,0,test,order_details.csv,43
10262,56,30.4,2,0,test,order_details.csv,44
10263,16,13.9,60,0.25,test,order_details.csv,45
10263,24,3.6,28,0,test,order_details.csv,46
10263,30,20.7,60,0.25,test,order_details.csv,47
10263,74,8,36,0.25,test,order_details.csv,48
10264,2,15.2,35,0,test,order_details.csv,49
10264,41,7.7,25,0.15,test,order_details.csv,50
10265,17,31.2,30,0,test,order_details.csv,51
10265,70,12,20,0,test,order_details.csv,52
10266,12,30.4,12,0.05,test,order_details.csv,53
10267,40,14.7,50,0,test,order_details.csv,54
10267,59,44,70,0.15,test,order_details.csv,55
10267,76,14.4,15,0.15,test,order_details.csv,56
10268,29,99,10,0,test,order_details.csv,57
10268,72,27.8,4,0,test,order_details.csv,58
10269,33,2,60,0.05,test,order_details.csv,59
10269,72,27.8,20,0.05,test,order_details.csv,60
10270,36,15.2,30,0,test,order_details.csv,61
10270,43,36.8,25,0,test,order_details.csv,62
10271,33,2,24,0,test,order_details.csv,63
10272,20,64.8,6,0,test,order_details.csv,64
10272,31,10,40,0,test,order_details.csv,65
10272,72,27.8,24,0,test,order_details.csv,66
10273,10,24.8,24,0.05,test,order_details.csv,67
10273,31,10,15,0.05,test,order_details.csv,68
10273,33,2,20,0,test,order_details.csv,69
10273,40,14.7,60,0.05,test,order_details.csv,70
10273,76,14.4,33,0.05,test,order_details.csv,71
10274,71,17.2,20,0,test,order_details.csv,72
10274,72,27.8,7,0,test,order_details.csv,73
10275,24,3.6,12,0.05,test,order_details.csv,74
10275,59,44,6,0.05,test,order_details.csv,75
10276,10,24.8,15,0,test,order_details.csv,76
10276,13,4.8,10,0,test,order_details.csv,77
10277,28,36.4,20,0,test,order_details.csv,78
10277,62,39.4,12,0,test,order_details.csv,79
10278,44,15.5,16,0,test,order_details.csv,80
10278,59,44,15,0,test,order_details.csv,81
10278,63,35.1,8,0,test,order_details.csv,82
10278,73,12,25,0,test,order_details.csv,83
10279,17,31.2,15,0.25,test,order_details.csv,84
10280,24,3.6,12,0,test,order_details.csv,85
10280,55,19.2,20,0,test,order_details.csv,86
10280,75,6.2,30,0,test,order_details.csv,87
10281,19,7.3,1,0,test,order_details.csv,88
10281,24,3.6,6,0,test,order_details.csv,89
10281,35,14.4,4,0,test,order_details.csv,90
10282,30,20.7,6,0,test,order_details.csv,91
10282,57,15.6,2,0,test,order_details.csv,92
10283,15,12.4,20,0,test,order_details.csv,93
10283,19,7.3,18,0,test,order_details.csv,94
10283,60,27.2,35,0,test,order_details.csv,95
10283,72,27.8,3,0,test,order_details.csv,96
10284,27,35.1,15,0.25,test,order_details.csv,97
10284,44,15.5,21,0,test,order_details.csv,98
10284,60,27.2,20,0.25,test,order_details.csv,99
10284,67,11.2,5,0.25,test,order_details.csv,100
10285,1,14.4,45,0.2,test,order_details.csv,101
10285,40,14.7,40,0.2,test,order_details.csv,102
10285,53,26.2,36,0.2,test,order_details.csv,103
10286,35,14.4,100,0,test,order_details.csv,104
10286,62,39.4,40,0,test,order_details.csv,105
10287,16,13.9,40,0.15,test,order_details.csv,106
10287,34,11.2,20,0,test,order_details.csv,107
10287,46,9.6,15,0.15,test,order_details.csv,108
10288,54,5.9,10,0.1,test,order_details.csv,109
10288,68,10,3,0.1,test,order_details.csv,110
10289,3,8,30,0,test,order_details.csv,111
10289,64,26.6,9,0,test,order_details.csv,112
10290,5,17,20,0,test,order_details.csv,113
10290,29,99,15,0,test,order_details.csv,114
10290,49,16,15,0,test,order_details.csv,115
10290,77,10.4,10,0,test,order_details.csv,116
10291,13,4.8,20,0.1,test,order_details.csv,117
10291,44,15.5,24,0.1,test,order_details.csv,118
10291,51,42.4,2,0.1,test,order_details.csv,119
10292,20,64.8,20,0,test,order_details.csv,120
10293,18,50,12,0,test,order_details.csv,121
10293,24,3.6,10,0,test,order_details.csv,122
10293,63,35.1,5,0,test,order_details.csv,123
10293,75,6.2,6,0,test,order_details.csv,124
10294,1,14.4,18,0,test,order_details.csv,125
10294,17,31.2,15,0,test,order_details.csv,126
10294,43,36.8,15,0,test,order_details.csv,127
10294,60,27.2,21,0,test,order_details.csv,128
10294,75,6.2,6,0,test,order_details.csv,129
10295,56,30.4,4,0,test,order_details.csv,130
10296,11,16.8,12,0,test,order_details.csv,131
10296,16,13.9,30,0,test,order_details.csv,132
10296,69,28.8,15,0,test,order_details.csv,133
10297,39,14.4,60,0,test,order_details.csv,134
10297,72,27.8,20,0,test,order_details.csv,135
10298,2,15.2,40,0,test,order_details.csv,136
10298,36,15.2,40,0.25,test,order_details.csv,137
10298,59,44,30,0.25,test,order_details.csv,138
10298,62,39.4,15,0,test,order_details.csv,139
10299,19,7.3,15,0,test,order_details.csv,140
10299,70,12,20,0,test,order_details.csv,141
10300,66,13.6,30,0,test,order_details.csv,142
10300,68,10,20,0,test,order_details.csv,143
10301,40,14.7,10,0,test,order_details.csv,144
10301,56,30.4,20,0,test,order_details.csv,145
10302,17,31.2,40,0,test,order_details.csv,146
10302,28,36.4,28,0,test,order_details.csv,147
10302,43,36.8,12,0,test,order_details.csv,148
10303,40,14.7,40,0.1,test,order_details.csv,149
10303,65,16.8,30,0.1,test,order_details.csv,150
10303,68,10,15,0.1,test,order_details.csv,151
10304,49,16,30,0,test,order_details.csv,152
10304,59,44,10,0,test,order_details.csv,153
10304,71,17.2,2,0,test,order_details.csv,154
10305,18,50,25,0.1,test,order_details.csv,155
10305,29,99,25,0.1,test,order_details.csv,156
10305,39,14.4,30,0.1,test,order_details.csv,157
10306,30,20.7,10,0,test,order_details.csv,158
10306,53,26.2,10,0,test,order_details.csv,159
10306,54,5.9,5,0,test,order_details.csv,160
10307,62,39.4,10,0,test,order_details.csv,161
10307,68,10,3,0,test,order_details.csv,162
10308,69,28.8,1,0,test,order_details.csv,163
10308,70,12,5,0,test,order_details.csv,164
10309,4,17.6,20,0,test,order_details.csv,165
10309,6,20,30,0,test,order_details.csv,166
10309,42,11.2,2,0,test,order_details.csv,167
10309,43,36.8,20,0,test,order_details.csv,168
10309,71,17.2,3,0,test,order_details.csv,169
10310,16,13.9,10,0,test,order_details.csv,170
10310,62,39.4,5,0,test,order_details.csv,171
10311,42,11.2,6,0,test,order_details.csv,172
10311,69,28.8,7,0,test,order_details.csv,173
10312,28,36.4,4,0,test,order_details.csv,174
10312,43,36.8,24,0,test,order_details.csv,175
10312,53,26.2,20,0,test,order_details.csv,176
10312,75,6.2,10,0,test,order_details.csv,177
10313,36,15.2,12,0,test,order_details.csv,178
10314,32,25.6,40,0.1,test,order_details.csv,179
10314,58,10.6,30,0.1,test,order_details.csv,180
10314,62,39.4,25,0.1,test,order_details.csv,181
10315,34,11.2,14,0,test,order_details.csv,182
10315,70,12,30,0,test,order_details.csv,183
10316,41,7.7,10,0,test,order_details.csv,184
10316,62,39.4,70,0,test,order_details.csv,185
10317,1,14.4,20,0,test,order_details.csv,186
10318,41,7.7,20,0,test,order_details.csv,187
10318,76,14.4,6,0,test,order_details.csv,188
10319,17,31.2,8,0,test,order_details.csv,189
10319,28,36.4,14,0,test,order_details.csv,190
10319,76,14.4,30,0,test,order_details.csv,191
10320,71,17.2,30,0,test,order_details.csv,192
10321,35,14.4,10,0,test,order_details.csv,193
10322,52,5.6,20,0,test,order_details.csv,194
10323,15,12.4,5,0,test,order_details.csv,195
10323,25,11.2,4,0,test,order_details.csv,196
10323,39,14.4,4,0,test,order_details.csv,197
10324,16,13.9,21,0.15,test,order_details.csv,198
10324,35,14.4,70,0.15,test,order_details.csv,199
10324,46,9.6,30,0,test,order_details.csv,200
10324,59,44,40,0.15,test,order_details.csv,201
10324,63,35.1,80,0.15,test,order_details.csv,202
10325,6,20,6,0,test,order_details.csv,203
10325,13,4.8,12,0,test,order_details.csv,204
10325,14,18.6,9,0,test,order_details.csv,205
10325,31,10,4,0,test,order_details.csv,206
10325,72,27.8,40,0,test,order_details.csv,207
10326,4,17.6,24,0,test,order_details.csv,208
10326,57,15.6,16,0,test,order_details.csv,209
10326,75,6.2,50,0,test,order_details.csv,210
10327,2,15.2,25,0.2,test,order_details.csv,211
10327,11,16.8,50,0.2,test,order_details.csv,212
10327,30,20.7,35,0.2,test,order_details.csv,213
10327,58,10.6,30,0.2,test,order_details.csv,214
10328,59,44,9,0,test,order_details.csv,215
10328,65,16.8,40,0,test,order_details.csv,216
10328,68,10,10,0,test,order_details.csv,217
10329,19,7.3,10,0.05,test,order_details.csv,218
10329,30,20.7,8,0.05,test,order_details.csv,219
10329,38,210.8,20,0.05,test,order_details.csv,220
10329,56,30.4,12,0.05,test,order_details.csv,221
10330,26,24.9,50,0.15,test,order_details.csv,222
10330,72,27.8,25,0.15,test,order_details.csv,223
10331,54,5.9,15,0,test,order_details.csv,224
10332,18,50,40,0.2,test,order_details.csv,225
10332,42,11.2,10,0.2,test,order_details.csv,226
10332,47,7.6,16,0.2,test,order_details.csv,227
10333,14,18.6,10,0,test,order_details.csv,228
10333,21,8,10,0.1,test,order_details.csv,229
10333,71,17.2,40,0.1,test,order_details.csv,230
10334,52,5.6,8,0,test,order_details.csv,231
10334,68,10,10,0,test,order_details.csv,232
10335,2,15.2,7,0.2,test,order_details.csv,233
10335,31,10,25,0.2,test,order_details.csv,234
10335,32,25.6,6,0.2,test,order_details.csv,235
10335,51,42.4,48,0.2,test,order_details.csv,236
10336,4,17.6,18,0.1,test,order_details.csv,237
10337,23,7.2,40,0,test,order_details.csv,238
10337,26,24.9,24,0,test,order_details.csv,239
10337,36,15.2,20,0,test,order_details.csv,240
10337,37,20.8,28,0,test,order_details.csv,241
10337,72,27.8,25,0,test,order_details.csv,242
10338,17,31.2,20,0,test,order_details.csv,243
10338,30,20.7,15,0,test,order_details.csv,244
10339,4,17.6,10,0,test,order_details.csv,245
10339,17,31.2,70,0.05,test,order_details.csv,246
10339,62,39.4,28,0,test,order_details.csv,247
10340,18,50,20,0.05,test,order_details.csv,248
10340,41,7.7,12,0.05,test,order_details.csv,249
10340,43,36.8,40,0.05,test,order_details.csv,250
10341,33,2,8,0,test,order_details.csv,251
10341,59,44,9,0.15,test,order_details.csv,252
10342,2,15.2,24,0.2,test,order_details.csv,253
10342,31,10,56,0.2,test,order_details.csv,254
10342,36,15.2,40,0.2,test,order_details.csv,255
10342,55,19.2,40,0.2,test,order_details.csv,256
10343,64,26.6,50,0,test,order_details.csv,257
10343,68,10,4,0.05,test,order_details.csv,258
10343,76,14.4,15,0,test,order_details.csv,259
10344,4,17.6,35,0,test,order_details.csv,260
10344,8,32,70,0.25,test,order_details.csv,261
10345,8,32,70,0,test,order_details.csv,262
10345,19,7.3,80,0,test,order_details.csv,263
10345,42,11.2,9,0,test,order_details.csv,264
10346,17,31.2,36,0.1,test,order_details.csv,265
10346,56,30.4,20,0,test,order_details.csv,266
10347,25,11.2,10,0,test,order_details.csv,267
10347,39,14.4,50,0.15,test,order_details.csv,268
10347,40,14.7,4,0,test,order_details.csv,269
10347,75,6.2,6,0.15,test,order_details.csv,270
10348,1,14.4,15,0.15,test,order_details.csv,271
10348,23,7.2,25,0,test,order_details.csv,272
10349,54,5.9,24,0,test,order_details.csv,273
10350,50,13,15,0.1,test,order_details.csv,274
10350,69,28.8,18,0.1,test,order_details.csv,275
10351,38,210.8,20,0.05,test,order_details.csv,276
10351,41,7.7,13,0,test,order_details.csv,277
10351,44,15.5,77,0.05,test,order_details.csv,278
10351,65,16.8,10,0.05,test,order_details.csv,279
10352,24,3.6,10,0,test,order_details.csv,280
10352,54,5.9,20,0.15,test,order_details.csv,281
10353,11,16.8,12,0.2,test,order_details.csv,282
10353,38,210.8,50,0.2,test,order_details.csv,283
10354,1,14.4,12,0,test,order_details.csv,284
10354,29,99,4,0,test,order_details.csv,285
10355,24,3.6,25,0,test,order_details.csv,286
10355,57,15.6,25,0,test,order_details.csv,287
10356,31,10,30,0,test,order_details.csv,288
10356,55,19.2,12,0,test,order_details.csv,289
10356,69,28.8,20,0,test,order_details.csv,290
10357,10,24.8,30,0.2,test,order_details.csv,291
10357,26,24.9,16,0,test,order_details.csv,292
10357,60,27.2,8,0.2,test,order_details.csv,293
10358,24,3.6,10,0.05,test,order_details.csv,294
10358,34,11.2,10,0.05,test,order_details.csv,295
10358,36,15.2,20,0.05,test,order_details.csv,296
10359,16,13.9,56,0.05,test,order_details.csv,297
10359,31,10,70,0.05,test,order_details.csv,298
10359,60,27.2,80,0.05,test,order_details.csv,299
10360,28,36.4,30,0,test,order_details.csv,300
10360,29,99,35,0,test,order_details.csv,301
10360,38,210.8,10,0,test,order_details.csv,302
10360,49,16,35,0,test,order_details.csv,303
10360,54,5.9,28,0,test,order_details.csv,304
10361,39,14.4,54,0.1,test,order_details.csv,305
10361,60,27.2,55,0.1,test,order_details.csv,306
10362,25,11.2,50,0,test,order_details.csv,307
10362,51,42.4,20,0,test,order_details.csv,308
10362,54,5.9,24,0,test,order_details.csv,309
10363,31,10,20,0,test,order_details.csv,310
10363,75,6.2,12,0,test,order_details.csv,311
10363,76,14.4,12,0,test,order_details.csv,312
10364,69,28.8,30,0,test,order_details.csv,313
10364,71,17.2,5,0,test,order_details.csv,314
10365,11,16.8,24,0,test,order_details.csv,315
10366,65,16.8,5,0,test,order_details.csv,316
10366,77,10.4,5,0,test,order_details.csv,317
10367,34,11.2,36,0,test,order_details.csv,318
10367,54,5.9,18,0,test,order_details.csv,319
10367,65,16.8,15,0,test,order_details.csv,320
10367,77,10.4,7,0,test,order_details.csv,321
10368,21,8,5,0.1,test,order_details.csv,322
10368,28,36.4,13,0.1,test,order_details.csv,323
10368,57,15.6,25,0,test,order_details.csv,324
10368,64,26.6,35,0.1,test,order_details.csv,325
10369,29,99,20,0,test,order_details.csv,326
10369,56,30.4,18,0.25,test,order_details.csv,327
10370,1,14.4,15,0.15,test,order_details.csv,328
10370,64,26.6,30,0,test,order_details.csv,329
10370,74,8,20,0.15,test,order_details.csv,330
10371,36,15.2,6,0.2,test,order_details.csv,331
10372,20,64.8,12,0.25,test,order_details.csv,332
10372,38,210.8,40,0.25,test,order_details.csv,333
10372,60,27.2,70,0.25,test,order_details.csv,334
10372,72,27.8,42,0.25,test,order_details.csv,335
10373,58,10.6,80,0.2,test,order_details.csv,336
10373,71,17.2,50,0.2,test,order_details.csv,337
10374,31,10,30,0,test,order_details.csv,338
10374,58,10.6,15,0,test,order_details.csv,339
10375,14,18.6,15,0,test,order_details.csv,340
10375,54,5.9,10,0,test,order_details.csv,341
10376,31,10,42,0.05,test,order_details.csv,342
10377,28,36.4,20,0.15,test,order_details.csv,343
10377,39,14.4,20,0.15,test,order_details.csv,344
10378,71,17.2,6,0,test,order_details.csv,345
10379,41,7.7,8,0.1,test,order_details.csv,346
10379,63,35.1,16,0.1,test,order_details.csv,347
10379,65,16.8,20,0.1,test,order_details.csv,348
10380,30,20.7,18,0.1,test,order_details.csv,349
10380,53,26.2,20,0.1,test,order_details.csv,350
10380,60,27.2,6,0.1,test,order_details.csv,351
10380,70,12,30,0,test,order_details.csv,352
10381,74,8,14,0,test,order_details.csv,353
10382,5,17,32,0,test,order_details.csv,354
10382,18,50,9,0,test,order_details.csv,355
10382,29,99,14,0,test,order_details.csv,356
10382,33,2,60,0,test,order_details.csv,357
10382,74,8,50,0,test,order_details.csv,358
10383,13,4.8,20,0,test,order_details.csv,359
10383,50,13,15,0,test,order_details.csv,360
10383,56,30.4,20,0,test,order_details.csv,361
10384,20,64.8,28,0,test,order_details.csv,362
10384,60,27.2,15,0,test,order_details.csv,363
10385,7,24,10,0.2,test,order_details.csv,364
10385,60,27.2,20,0.2,test,order_details.csv,365
10385,68,10,8,0.2,test,order_details.csv,366
10386,24,3.6,15,0,test,order_details.csv,367
10386,34,11.2,10,0,test,order_details.csv,368
10387,24,3.6,15,0,test,order_details.csv,369
10387,28,36.4,6,0,test,order_details.csv,370
10387,59,44,12,0,test,order_details.csv,371
10387,71,17.2,15,0,test,order_details.csv,372
10388,45,7.6,15,0.2,test,order_details.csv,373
10388,52,5.6,20,0.2,test,order_details.csv,374
10388,53,26.2,40,0,test,order_details.csv,375
10389,10,24.8,16,0,test,order_details.csv,376
10389,55,19.2,15,0,test,order_details.csv,377
10389,62,39.4,20,0,test,order_details.csv,378
10389,70,12,30,0,test,order_details.csv,379
10390,31,10,60,0.1,test,order_details.csv,380
10390,35,14.4,40,0.1,test,order_details.csv,381
10390,46,9.6,45,0,test,order_details.csv,382
10390,72,27.8,24,0.1,test,order_details.csv,383
10391,13,4.8,18,0,test,order_details.csv,384
10392,69,28.8,50,0,test,order_details.csv,385
10393,2,15.2,25,0.25,test,order_details.csv,386
10393,14,18.6,42,0.25,test,order_details.csv,387
10393,25,11.2,7,0.25,test,order_details.csv,388
10393,26,24.9,70,0.25,test,order_details.csv,389
10393,31,10,32,0,test,order_details.csv,390
10394,13,4.8,10,0,test,order_details.csv,391
10394,62,39.4,10,0,test,order_details.csv,392
10395,46,9.6,28,0.1,test,order_details.csv,393
10395,53,26.2,70,0.1,test,order_details.csv,394
10395,69,28.8,8,0,test,order_details.csv,395
10396,23,7.2,40,0,test,order_details.csv,396
10396,71,17.2,60,0,test,order_details.csv,397
10396,72,27.8,21,0,test,order_details.csv,398
10397,21,8,10,0.15,test,order_details.csv,399
10397,51,42.4,18,0.15,test,order_details.csv,400
10398,35,14.4,30,0,test,order_details.csv,401
10398,55,19.2,120,0.1,test,order_details.csv,402
10399,68,10,60,0,test,order_details.csv,403
10399,71,17.2,30,0,test,order_details.csv,404
10399,76,14.4,35,0,test,order_details.csv,405
10399,77,10.4,14,0,test,order_details.csv,406
10400,29,99,21,0,test,order_details.csv,407
10400,35,14.4,35,0,test,order_details.csv,408
10400,49,16,30,0,test,order_details.csv,409
10401,30,20.7,18,0,test,order_details.csv,410
10401,56,30.4,70,0,test,order_details.csv,411
10401,65,16.8,20,0,test,order_details.csv,412
10401,71,17.2,60,0,test,order_details.csv,413
10402,23,7.2,60,0,test,order_details.csv,414
10402,63,35.1,65,0,test,order_details.csv,415
10403,16,13.9,21,0.15,test,order_details.csv,416
10403,48,10.2,70,0.15,test,order_details.csv,417
10404,26,24.9,30,0.05,test,order_details.csv,418
10404,42,11.2,40,0.05,test,order_details.csv,419
10404,49,16,30,0.05,test,order_details.csv,420
10405,3,8,50,0,test,order_details.csv,421
10406,1,14.4,10,0,test,order_details.csv,422
10406,21,8,30,0.1,test,order_details.csv,423
10406,28,36.4,42,0.1,test,order_details.csv,424
10406,36,15.2,5,0.1,test,order_details.csv,425
10406,40,14.7,2,0.1,test,order_details.csv,426
10407,11,16.8,30,0,test,order_details.csv,427
10407,69,28.8,15,0,test,order_details.csv,428
10407,71,17.2,15,0,test,order_details.csv,429
10408,37,20.8,10,0,test,order_details.csv,430
10408,54,5.9,6,0,test,order_details.csv,431
10408,62,39.4,35,0,test,order_details.csv,432
10409,14,18.6,12,0,test,order_details.csv,433
10409,21,8,12,0,test,order_details.csv,434
10410,33,2,49,0,test,order_details.csv,435
10410,59,44,16,0,test,order_details.csv,436
10411,41,7.7,25,0.2,test,order_details.csv,437
10411,44,15.5,40,0.2,test,order_details.csv,438
10411,59,44,9,0.2,test,order_details.csv,439
10412,14,18.6,20,0.1,test,order_details.csv,440
10413,1,14.4,24,0,test,order_details.csv,441
10413,62,39.4,40,0,test,order_details.csv,442
10413,76,14.4,14,0,test,order_details.csv,443
10414,19,7.3,18,0.05,test,order_details.csv,444
10414,33,2,50,0,test,order_details.csv,445
10415,17,31.2,2,0,test,order_details.csv,446
10415,33,2,20,0,test,order_details.csv,447
10416,19,7.3,20,0,test,order_details.csv,448
10416,53,26.2,10,0,test,order_details.csv,449
10416,57,15.6,20,0,test,order_details.csv,450
10417,38,210.8,50,0,test,order_details.csv,451
10417,46,9.6,2,0.25,test,order_details.csv,452
10417,68,10,36,0.25,test,order_details.csv,453
10417,77,10.4,35,0,test,order_details.csv,454
10418,2,15.2,60,0,test,order_details.csv,455
10418,47,7.6,55,0,test,order_details.csv,456
10418,61,22.8,16,0,test,order_details.csv,457
10418,74,8,15,0,test,order_details.csv,458
10419,60,27.2,60,0.05,test,order_details.csv,459
10419,69,28.8,20,0.05,test,order_details.csv,460
10420,9,77.6,20,0.1,test,order_details.csv,461
10420,13,4.8,2,0.1,test,order_details.csv,462
10420,70,12,8,0.1,test,order_details.csv,463
10420,73,12,20,0.1,test,order_details.csv,464
10421,19,7.3,4,0.15,test,order_details.csv,465
10421,26,24.9,30,0,test,order_details.csv,466
10421,53,26.2,15,0.15,test,order_details.csv,467
10421,77,10.4,10,0.15,test,order_details.csv,468
10422,26,24.9,2,0,test,order_details.csv,469
10423,31,10,14,0,test,order_details.csv,470
10423,59,44,20,0,test,order_details.csv,471
10424,35,14.4,60,0.2,test,order_details.csv,472
10424,38,210.8,49,0.2,test,order_details.csv,473
10424,68,10,30,0.2,test,order_details.csv,474
10425,55,19.2,10,0.25,test,order_details.csv,475
10425,76,14.4,20,0.25,test,order_details.csv,476
10426,56,30.4,5,0,test,order_details.csv,477
10426,64,26.6,7,0,test,order_details.csv,478
10427,14,18.6,35,0,test,order_details.csv,479
10428,46,9.6,20,0,test,order_details.csv,480
10429,50,13,40,0,test,order_details.csv,481
10429,63,35.1,35,0.25,test,order_details.csv,482
10430,17,31.2,45,0.2,test,order_details.csv,483
10430,21,8,50,0,test,order_details.csv,484
10430,56,30.4,30,0,test,order_details.csv,485
10430,59,44,70,0.2,test,order_details.csv,486
10431,17,31.2,50,0.25,test,order_details.csv,487
10431,40,14.7,50,0.25,test,order_details.csv,488
10431,47,7.6,30,0.25,test,order_details.csv,489
10432,26,24.9,10,0,test,order_details.csv,490
10432,54,5.9,40,0,test,order_details.csv,491
10433,56,30.4,28,0,test,order_details.csv,492
10434,11,16.8,6,0,test,order_details.csv,493
10434,76,14.4,18,0.15,test,order_details.csv,494
10435,2,15.2,10,0,test,order_details.csv,495
10435,22,16.8,12,0,test,order_details.csv,496
10435,72,27.8,10,0,test,order_details.csv,497
10436,46,9.6,5,0,test,order_details.csv,498
10436,56,30.4,40,0.1,test,order_details.csv,499
10436,64,26.6,30,0.1,test,order_details.csv,500
10436,75,6.2,24,0.1,test,order_details.csv,501
10437,53,26.2,15,0,test,order_details.csv,502
10438,19,7.3,15,0.2,test,order_details.csv,503
10438,34,11.2,20,0.2,test,order_details.csv,504
10438,57,15.6,15,0.2,test,order_details.csv,505
10439,12,30.4,15,0,test,order_details.csv,506
10439,16,13.9,16,0,test,order_details.csv,507
10439,64,26.6,6,0,test,order_details.csv,508
10439,74,8,30,0,test,order_details.csv,509
10440,2,15.2,45,0.15,test,order_details.csv,510
10440,16,13.9,49,0.15,test,order_details.csv,511
10440,29,99,24,0.15,test,order_details.csv,512
10440,61,22.8,90,0.15,test,order_details.csv,513
10441,27,35.1,50,0,test,order_details.csv,514
10442,11,16.8,30,0,test,order_details.csv,515
10442,54,5.9,80,0,test,order_details.csv,516
10442,66,13.6,60,0,test,order_details.csv,517
10443,11,16.8,6,0.2,test,order_details.csv,518
10443,28,36.4,12,0,test,order_details.csv,519
10444,17,31.2,10,0,test,order_details.csv,520
10444,26,24.9,15,0,test,order_details.csv,521
10444,35,14.4,8,0,test,order_details.csv,522
10444,41,7.7,30,0,test,order_details.csv,523
10445,39,14.4,6,0,test,order_details.csv,524
10445,54,5.9,15,0,test,order_details.csv,525
10446,19,7.3,12,0.1,test,order_details.csv,526
10446,24,3.6,20,0.1,test,order_details.csv,527
10446,31,10,3,0.1,test,order_details.csv,528
10446,52,5.6,15,0.1,test,order_details.csv,529
10447,19,7.3,40,0,test,order_details.csv,530
10447,65,16.8,35,0,test,order_details.csv,531
10447,71,17.2,2,0,test,order_details.csv,532
10448,26,24.9,6,0,test,order_details.csv,533
10448,40,14.7,20,0,test,order_details.csv,534
10449,10,24.8,14,0,test,order_details.csv,535
10449,52,5.6,20,0,test,order_details.csv,536
10449,62,39.4,35,0,test,order_details.csv,537
10450,10,24.8,20,0.2,test,order_details.csv,538
10450,54,5.9,6,0.2,test,order_details.csv,539
10451,55,19.2,120,0.1,test,order_details.csv,540
10451,64,26.6,35,0.1,test,order_details.csv,541
10451,65,16.8,28,0.1,test,order_details.csv,542
10451,77,10.4,55,0.1,test,order_details.csv,543
10452,28,36.4,15,0,test,order_details.csv,544
10452,44,15.5,100,0.05,test,order_details.csv,545
10453,48,10.2,15,0.1,test,order_details.csv,546
10453,70,12,25,0.1,test,order_details.csv,547
10454,16,13.9,20,0.2,test,order_details.csv,548
10454,33,2,20,0.2,test,order_details.csv,549
10454,46,9.6,10,0.2,test,order_details.csv,550
10455,39,14.4,20,0,test,order_details.csv,551
10455,53,26.2,50,0,test,order_details.csv,552
10455,61,22.8,25,0,test,order_details.csv,553
10455,71,17.2,30,0,test,order_details.csv,554
10456,21,8,40,0.15,test,order_details.csv,555
10456,49,16,21,0.15,test,order_details.csv,556
10457,59,44,36,0,test,order_details.csv,557
10458,26,24.9,30,0,test,order_details.csv,558
10458,28,36.4,30,0,test,order_details.csv,559
10458,43,36.8,20,0,test,order_details.csv,560
10458,56,30.4,15,0,test,order_details.csv,561
10458,71,17.2,50,0,test,order_details.csv,562
10459,7,24,16,0.05,test,order_details.csv,563
10459,46,9.6,20,0.05,test,order_details.csv,564
10459,72,27.8,40,0,test,order_details.csv,565
10460,68,10,21,0.25,test,order_details.csv,566
10460,75,6.2,4,0.25,test,order_details.csv,567
10461,21,8,40,0.25,test,order_details.csv,568
10461,30,20.7,28,0.25,test,order_details.csv,569
10461,55,19.2,60,0.25,test,order_details.csv,570
10462,13,4.8,1,0,test,order_details.csv,571
10462,23,7.2,21,0,test,order_details.csv,572
10463,19,7.3,21,0,test,order_details.csv,573
10463,42,11.2,50,0,test,order_details.csv,574
10464,4,17.6,16,0.2,test,order_details.csv,575
10464,43,36.8,3,0,test,order_details.csv,576
10464,56,30.4,30,0.2,test,order_details.csv,577
10464,60,27.2,20,0,test,order_details.csv,578
10465,24,3.6,25,0,test,order_details.csv,579
10465,29,99,18,0.1,test,order_details.csv,580
10465,40,14.7,20,0,test,order_details.csv,581
10465,45,7.6,30,0.1,test,order_details.csv,582
10465,50,13,25,0,test,order_details.csv,583
10466,11,16.8,10,0,test,order_details.csv,584
10466,46,9.6,5,0,test,order_details.csv,585
10467,24,3.6,28,0,test,order_details.csv,586
10467,25,11.2,12,0,test,order_details.csv,587
10468,30,20.7,8,0,test,order_details.csv,588
10468,43,36.8,15,0,test,order_details.csv,589
10469,2,15.2,40,0.15,test,order_details.csv,590
10469,16,13.9,35,0.15,test,order_details.csv,591
10469,44,15.5,2,0.15,test,order_details.csv,592
10470,18,50,30,0,test,order_details.csv,593
10470,23,7.2,15,0,test,order_details.csv,594
10470,64,26.6,8,0,test,order_details.csv,595
10471,7,24,30,0,test,order_details.csv,596
10471,56,30.4,20,0,test,order_details.csv,597
10472,24,3.6,80,0.05,test,order_details.csv,598
10472,51,42.4,18,0,test,order_details.csv,599
10473,33,2,12,0,test,order_details.csv,600
10473,71,17.2,12,0,test,order_details.csv,601
10474,14,18.6,12,0,test,order_details.csv,602
10474,28,36.4,18,0,test,order_details.csv,603
10474,40,14.7,21,0,test,order_details.csv,604
10474,75,6.2,10,0,test,order_details.csv,605
10475,31,10,35,0.15,test,order_details.csv,606
10475,66,13.6,60,0.15,test,order_details.csv,607
10475,76,14.4,42,0.15,test,order_details.csv,608
10476,55,19.2,2,0.05,test,order_details.csv,609
10476,70,12,12,0,test,order_details.csv,610
10477,1,14.4,15,0,test,order_details.csv,611
10477,21,8,21,0.25,test,order_details.csv,612
10477,39,14.4,20,0.25,test,order_details.csv,613
10478,10,24.8,20,0.05,test,order_details.csv,614
10479,38,210.8,30,0,test,order_details.csv,615
10479,53,26.2,28,0,test,order_details.csv,616
10479,59,44,60,0,test,order_details.csv,617
10479,64,26.6,30,0,test,order_details.csv,618
10480,47,7.6,30,0,test,order_details.csv,619
10480,59,44,12,0,test,order_details.csv,620
10481,49,16,24,0,test,order_details.csv,621
10481,60,27.2,40,0,test,order_details.csv,622
10482,40,14.7,10,0,test,order_details.csv,623
10483,34,11.2,35,0.05,test,order_details.csv,624
10483,77,10.4,30,0.05,test,order_details.csv,625
10484,21,8,14,0,test,order_details.csv,626
10484,40,14.7,10,0,test,order_details.csv,627
10484,51,42.4,3,0,test,order_details.csv,628
10485,2,15.2,20,0.1,test,order_details.csv,629
10485,3,8,20,0.1,test,order_details.csv,630
10485,55,19.2,30,0.1,test,order_details.csv,631
10485,70,12,60,0.1,test,order_details.csv,632
10486,11,16.8,5,0,test,order_details.csv,633
10486,51,42.4,25,0,test,order_details.csv,634
10486,74,8,16,0,test,order_details.csv,635
10487,19,7.3,5,0,test,order_details.csv,636
10487,26,24.9,30,0,test,order_details.csv,637
10487,54,5.9,24,0.25,test,order_details.csv,638
10488,59,44,30,0,test,order_details.csv,639
10488,73,12,20,0.2,test,order_details.csv,640
10489,11,16.8,15,0.25,test,order_details.csv,641
10489,16,13.9,18,0,test,order_details.csv,642
10490,59,44,60,0,test,order_details.csv,643
10490,68,10,30,0,test,order_details.csv,644
10490,75,6.2,36,0,test,order_details.csv,645
10491,44,15.5,15,0.15,test,order_details.csv,646
10491,77,10.4,7,0.15,test,order_details.csv,647
10492,25,11.2,60,0.05,test,order_details.csv,648
10492,42,11.2,20,0.05,test,order_details.csv,649
10493,65,16.8,15,0.1,test,order_details.csv,650
10493,66,13.6,10,0.1,test,order_details.csv,651
10493,69,28.8,10,0.1,test,order_details.csv,652
10494,56,30.4,30,0,test,order_details.csv,653
10495,23,7.2,10,0,test,order_details.csv,654
10495,41,7.7,20,0,test,order_details.csv,655
10495,77,10.4,5,0,test,order_details.csv,656
10496,31,10,20,0.05,test,order_details.csv,657
10497,56,30.4,14,0,test,order_details.csv,658
10497,72,27.8,25,0,test,order_details.csv,659
10497,77,10.4,25,0,test,order_details.csv,660
10498,24,4.5,14,0,test,order_details.csv,661
10498,40,18.4,5,0,test,order_details.csv,662
10498,42,14,30,0,test,order_details.csv,663
10499,28,45.6,20,0,test,order_details.csv,664
10499,49,20,25,0,test,order_details.csv,665
10500,15,15.5,12,0.05,test,order_details.csv,666
10500,28,45.6,8,0.05,test,order_details.csv,667
10501,54,7.45,20,0,test,order_details.csv,668
10502,45,9.5,21,0,test,order_details.csv,669
10502,53,32.8,6,0,test,order_details.csv,670
10502,67,14,30,0,test,order_details.csv,671
10503,14,23.25,70,0,test,order_details.csv,672
10503,65,21.05,20,0,test,order_details.csv,673
10504,2,19,12,0,test,order_details.csv,674
10504,21,10,12,0,test,order_details.csv,675
10504,53,32.8,10,0,test,order_details.csv,676
10504,61,28.5,25,0,test,order_details.csv,677
10505,62,49.3,3,0,test,order_details.csv,678
10506,25,14,18,0.1,test,order_details.csv,679
10506,70,15,14,0.1,test,order_details.csv,680
10507,43,46,15,0.15,test,order_details.csv,681
10507,48,12.75,15,0.15,test,order_details.csv,682
10508,13,6,10,0,test,order_details.csv,683
10508,39,18,10,0,test,order_details.csv,684
10509,28,45.6,3,0,test,order_details.csv,685
10510,29,123.79,36,0,test,order_details.csv,686
10510,75,7.75,36,0.1,test,order_details.csv,687
10511,4,22,50,0.15,test,order_details.csv,688
10511,7,30,50,0.15,test,order_details.csv,689
10511,8,40,10,0.15,test,order_details.csv,690
10512,24,4.5,10,0.15,test,order_details.csv,691
10512,46,12,9,0.15,test,order_details.csv,692
10512,47,9.5,6,0.15,test,order_details.csv,693
10512,60,34,12,0.15,test,order_details.csv,694
10513,21,10,40,0.2,test,order_details.csv,695
10513,32,32,50,0.2,test,order_details.csv,696
10513,61,28.5,15,0.2,test,order_details.csv,697
10514,20,81,39,0,test,order_details.csv,698
10514,28,45.6,35,0,test,order_details.csv,699
10514,56,38,70,0,test,order_details.csv,700
10514,65,21.05,39,0,test,order_details.csv,701
10514,75,7.75,50,0,test,order_details.csv,702
10515,9,97,16,0.15,test,order_details.csv,703
10515,16,17.45,50,0,test,order_details.csv,704
10515,27,43.9,120,0,test,order_details.csv,705
10515,33,2.5,16,0.15,test,order_details.csv,706
10515,60,34,84,0.15,test,order_details.csv,707
10516,18,62.5,25,0.1,test,order_details.csv,708
10516,41,9.65,80,0.1,test,order_details.csv,709
10516,42,14,20,0,test,order_details.csv,710
10517,52,7,6,0,test,order_details.csv,711
10517,59,55,4,0,test,order_details.csv,712
10517,70,15,6,0,test,order_details.csv,713
10518,24,4.5,5,0,test,order_details.csv,714
10518,38,263.5,15,0,test,order_details.csv,715
10518,44,19.45,9,0,test,order_details.csv,716
10519,10,31,16,0.05,test,order_details.csv,717
10519,56,38,40,0,test,order_details.csv,718
10519,60,34,10,0.05,test,order_details.csv,719
10520,24,4.5,8,0,test,order_details.csv,720
10520,53,32.8,5,0,test,order_details.csv,721
10521,35,18,3,0,test,order_details.csv,722
10521,41,9.65,10,0,test,order_details.csv,723
10521,68,12.5,6,0,test,order_details.csv,724
10522,1,18,40,0.2,test,order_details.csv,725
10522,8,40,24,0,test,order_details.csv,726
10522,30,25.89,20,0.2,test,order_details.csv,727
10522,40,18.4,25,0.2,test,order_details.csv,728
10523,17,39,25,0.1,test,order_details.csv,729
10523,20,81,15,0.1,test,order_details.csv,730
10523,37,26,18,0.1,test,order_details.csv,731
10523,41,9.65,6,0.1,test,order_details.csv,732
10524,10,31,2,0,test,order_details.csv,733
10524,30,25.89,10,0,test,order_details.csv,734
10524,43,46,60,0,test,order_details.csv,735
10524,54,7.45,15,0,test,order_details.csv,736
10525,36,19,30,0,test,order_details.csv,737
10525,40,18.4,15,0.1,test,order_details.csv,738
10526,1,18,8,0.15,test,order_details.csv,739
10526,13,6,10,0,test,order_details.csv,740
10526,56,38,30,0.15,test,order_details.csv,741
10527,4,22,50,0.1,test,order_details.csv,742
10527,36,19,30,0.1,test,order_details.csv,743
10528,11,21,3,0,test,order_details.csv,744
10528,33,2.5,8,0.2,test,order_details.csv,745
10528,72,34.8,9,0,test,order_details.csv,746
10529,55,24,14,0,test,order_details.csv,747
10529,68,12.5,20,0,test,order_details.csv,748
10529,69,36,10,0,test,order_details.csv,749
10530,17,39,40,0,test,order_details.csv,750
10530,43,46,25,0,test,order_details.csv,751
10530,61,28.5,20,0,test,order_details.csv,752
10530,76,18,50,0,test,order_details.csv,753
10531,59,55,2,0,test,order_details.csv,754
10532,30,25.89,15,0,test,order_details.csv,755
10532,66,17,24,0,test,order_details.csv,756
10533,4,22,50,0.05,test,order_details.csv,757
10533,72,34.8,24,0,test,order_details.csv,758
10533,73,15,24,0.05,test,order_details.csv,759
10534,30,25.89,10,0,test,order_details.csv,760
10534,40,18.4,10,0.2,test,order_details.csv,761
10534,54,7.45,10,0.2,test,order_details.csv,762
10535,11,21,50,0.1,test,order_details.csv,763
10535,40,18.4,10,0.1,test,order_details.csv,764
10535,57,19.5,5,0.1,test,order_details.csv,765
10535,59,55,15,0.1,test,order_details.csv,766
10536,12,38,15,0.25,test,order_details.csv,767
10536,31,12.5,20,0,test,order_details.csv,768
10536,33,2.5,30,0,test,order_details.csv,769
10536,60,34,35,0.25,test,order_details.csv,770
10537,31,12.5,30,0,test,order_details.csv,771
10537,51,53,6,0,test,order_details.csv,772
10537,58,13.25,20,0,test,order_details.csv,773
10537,72,34.8,21,0,test,order_details.csv,774
10537,73,15,9,0,test,order_details.csv,775
10538,70,15,7,0,test,order_details.csv,776
10538,72,34.8,1,0,test,order_details.csv,777
10539,13,6,8,0,test,order_details.csv,778
10539,21,10,15,0,test,order_details.csv,779
10539,33,2.5,15,0,test,order_details.csv,780
10539,49,20,6,0,test,order_details.csv,781
10540,3,10,60,0,test,order_details.csv,782
10540,26,31.23,40,0,test,order_details.csv,783
10540,38,263.5,30,0,test,order_details.csv,784
10540,68,12.5,35,0,test,order_details.csv,785
10541,24,4.5,35,0.1,test,order_details.csv,786
10541,38,263.5,4,0.1,test,order_details.csv,787
10541,65,21.05,36,0.1,test,order_details.csv,788
10541,71,21.5,9,0.1,test,order_details.csv,789
10542,11,21,15,0.05,test,order_details.csv,790
10542,54,7.45,24,0.05,test,order_details.csv,791
10543,12,38,30,0.15,test,order_details.csv,792
10543,23,9,70,0.15,test,order_details.csv,793
10544,28,45.6,7,0,test,order_details.csv,794
10544,67,14,7,0,test,order_details.csv,795
10545,11,21,10,0,test,order_details.csv,796
10546,7,30,10,0,test,order_details.csv,797
10546,35,18,30,0,test,order_details.csv,798
10546,62,49.3,40,0,test,order_details.csv,799
10547,32,32,24,0.15,test,order_details.csv,800
10547,36,19,60,0,test,order_details.csv,801
10548,34,14,10,0.25,test,order_details.csv,802
10548,41,9.65,14,0,test,order_details.csv,803
10549,31,12.5,55,0.15,test,order_details.csv,804
10549,45,9.5,100,0.15,test,order_details.csv,805
10549,51,53,48,0.15,test,order_details.csv,806
10550,17,39,8,0.1,test,order_details.csv,807
10550,19,9.2,10,0,test,order_details.csv,808
10550,21,10,6,0.1,test,order_details.csv,809
10550,61,28.5,10,0.1,test,order_details.csv,810
10551,16,17.45,40,0.15,test,order_details.csv,811
10551,35,18,20,0.15,test,order_details.csv,812
10551,44,19.45,40,0,test,order_details.csv,813
10552,69,36,18,0,test,order_details.csv,814
10552,75,7.75,30,0,test,order_details.csv,815
10553,11,21,15,0,test,order_details.csv,816
10553,16,17.45,14,0,test,order_details.csv,817
10553,22,21,24,0,test,order_details.csv,818
10553,31,12.5,30,0,test,order_details.csv,819
10553,35,18,6,0,test,order_details.csv,820
10554,16,17.45,30,0.05,test,order_details.csv,821
10554,23,9,20,0.05,test,order_details.csv,822
10554,62,49.3,20,0.05,test,order_details.csv,823
10554,77,13,10,0.05,test,order_details.csv,824
10555,14,23.25,30,0.2,test,order_details.csv,825
10555,19,9.2,35,0.2,test,order_details.csv,826
10555,24,4.5,18,0.2,test,order_details.csv,827
10555,51,53,20,0.2,test,order_details.csv,828
10555,56,38,40,0.2,test,order_details.csv,829
10556,72,34.8,24,0,test,order_details.csv,830
10557,64,33.25,30,0,test,order_details.csv,831
10557,75,7.75,20,0,test,order_details.csv,832
10558,47,9.5,25,0,test,order_details.csv,833
10558,51,53,20,0,test,order_details.csv,834
10558,52,7,30,0,test,order_details.csv,835
10558,53,32.8,18,0,test,order_details.csv,836
10558,73,15,3,0,test,order_details.csv,837
10559,41,9.65,12,0.05,test,order_details.csv,838
10559,55,24,18,0.05,test,order_details.csv,839
10560,30,25.89,20,0,test,order_details.csv,840
10560,62,49.3,15,0.25,test,order_details.csv,841
10561,44,19.45,10,0,test,order_details.csv,842
10561,51,53,50,0,test,order_details.csv,843
10562,33,2.5,20,0.1,test,order_details.csv,844
10562,62,49.3,10,0.1,test,order_details.csv,845
10563,36,19,25,0,test,order_details.csv,846
10563,52,7,70,0,test,order_details.csv,847
10564,17,39,16,0.05,test,order_details.csv,848
10564,31,12.5,6,0.05,test,order_details.csv,849
10564,55,24,25,0.05,test,order_details.csv,850
10565,24,4.5,25,0.1,test,order_details.csv,851
10565,64,33.25,18,0.1,test,order_details.csv,852
10566,11,21,35,0.15,test,order_details.csv,853
10566,18,62.5,18,0.15,test,order_details.csv,854
10566,76,18,10,0,test,order_details.csv,855
10567,31,12.5,60,0.2,test,order_details.csv,856
10567,51,53,3,0,test,order_details.csv,857
10567,59,55,40,0.2,test,order_details.csv,858
10568,10,31,5,0,test,order_details.csv,859
10569,31,12.5,35,0.2,test,order_details.csv,860
10569,76,18,30,0,test,order_details.csv,861
10570,11,21,15,0.05,test,order_details.csv,862
10570,56,38,60,0.05,test,order_details.csv,863
10571,14,23.25,11,0.15,test,order_details.csv,864
10571,42,14,28,0.15,test,order_details.csv,865
10572,16,17.45,12,0.1,test,order_details.csv,866
10572,32,32,10,0.1,test,order_details.csv,867
10572,40,18.4,50,0,test,order_details.csv,868
10572,75,7.75,15,0.1,test,order_details.csv,869
10573,17,39,18,0,test,order_details.csv,870
10573,34,14,40,0,test,order_details.csv,871
10573,53,32.8,25,0,test,order_details.csv,872
10574,33,2.5,14,0,test,order_details.csv,873
10574,40,18.4,2,0,test,order_details.csv,874
10574,62,49.3,10,0,test,order_details.csv,875
10574,64,33.25,6,0,test,order_details.csv,876
10575,59,55,12,0,test,order_details.csv,877
10575,63,43.9,6,0,test,order_details.csv,878
10575,72,34.8,30,0,test,order_details.csv,879
10575,76,18,10,0,test,order_details.csv,880
10576,1,18,10,0,test,order_details.csv,881
10576,31,12.5,20,0,test,order_details.csv,882
10576,44,19.45,21,0,test,order_details.csv,883
10577,39,18,10,0,test,order_details.csv,884
10577,75,7.75,20,0,test,order_details.csv,885
10577,77,13,18,0,test,order_details.csv,886
10578,35,18,20,0,test,order_details.csv,887
10578,57,19.5,6,0,test,order_details.csv,888
10579,15,15.5,10,0,test,order_details.csv,889
10579,75,7.75,21,0,test,order_details.csv,890
10580,14,23.25,15,0.05,test,order_details.csv,891
10580,41,9.65,9,0.05,test,order_details.csv,892
10580,65,21.05,30,0.05,test,order_details.csv,893
10581,75,7.75,50,0.2,test,order_details.csv,894
10582,57,19.5,4,0,test,order_details.csv,895
10582,76,18,14,0,test,order_details.csv,896
10583,29,123.79,10,0,test,order_details.csv,897
10583,60,34,24,0.15,test,order_details.csv,898
10583,69,36,10,0.15,test,order_details.csv,899
10584,31,12.5,50,0.05,test,order_details.csv,900
10585,47,9.5,15,0,test,order_details.csv,901
10586,52,7,4,0.15,test,order_details.csv,902
10587,26,31.23,6,0,test,order_details.csv,903
10587,35,18,20,0,test,order_details.csv,904
10587,77,13,20,0,test,order_details.csv,905
10588,18,62.5,40,0.2,test,order_details.csv,906
10588,42,14,100,0.2,test,order_details.csv,907
10589,35,18,4,0,test,order_details.csv,908
10590,1,18,20,0,test,order_details.csv,909
10590,77,13,60,0.05,test,order_details.csv,910
10591,3,10,14,0,test,order_details.csv,911
10591,7,30,10,0,test,order_details.csv,912
10591,54,7.45,50,0,test,order_details.csv,913
10592,15,15.5,25,0.05,test,order_details.csv,914
10592,26,31.23,5,0.05,test,order_details.csv,915
10593,20,81,21,0.2,test,order_details.csv,916
10593,69,36,20,0.2,test,order_details.csv,917
10593,76,18,4,0.2,test,order_details.csv,918
10594,52,7,24,0,test,order_details.csv,919
10594,58,13.25,30,0,test,order_details.csv,920
10595,35,18,30,0.25,test,order_details.csv,921
10595,61,28.5,120,0.25,test,order_details.csv,922
10595,69,36,65,0.25,test,order_details.csv,923
10596,56,38,5,0.2,test,order_details.csv,924
10596,63,43.9,24,0.2,test,order_details.csv,925
10596,75,7.75,30,0.2,test,order_details.csv,926
10597,24,4.5,35,0.2,test,order_details.csv,927
10597,57,19.5,20,0,test,order_details.csv,928
10597,65,21.05,12,0.2,test,order_details.csv,929
10598,27,43.9,50,0,test,order_details.csv,930
10598,71,21.5,9,0,test,order_details.csv,931
10599,62,49.3,10,0,test,order_details.csv,932
10600,54,7.45,4,0,test,order_details.csv,933
10600,73,15,30,0,test,order_details.csv,934
10601,13,6,60,0,test,order_details.csv,935
10601,59,55,35,0,test,order_details.csv,936
10602,77,13,5,0.25,test,order_details.csv,937
10603,22,21,48,0,test,order_details.csv,938
10603,49,20,25,0.05,test,order_details.csv,939
10604,48,12.75,6,0.1,test,order_details.csv,940
10604,76,18,10,0.1,test,order_details.csv,941
10605,16,17.45,30,0.05,test,order_details.csv,942
10605,59,55,20,0.05,test,order_details.csv,943
10605,60,34,70,0.05,test,order_details.csv,944
10605,71,21.5,15,0.05,test,order_details.csv,945
10606,4,22,20,0.2,test,order_details.csv,946
10606,55,24,20,0.2,test,order_details.csv,947
10606,62,49.3,10,0.2,test,order_details.csv,948
10607,7,30,45,0,test,order_details.csv,949
10607,17,39,100,0,test,order_details.csv,950
10607,33,2.5,14,0,test,order_details.csv,951
10607,40,18.4,42,0,test,order_details.csv,952
10607,72,34.8,12,0,test,order_details.csv,953
10608,56,38,28,0,test,order_details.csv,954
10609,1,18,3,0,test,order_details.csv,955
10609,10,31,10,0,test,order_details.csv,956
10609,21,10,6,0,test,order_details.csv,957
10610,36,19,21,0.25,test,order_details.csv,958
10611,1,18,6,0,test,order_details.csv,959
10611,2,19,10,0,test,order_details.csv,960
10611,60,34,15,0,test,order_details.csv,961
10612,10,31,70,0,test,order_details.csv,962
10612,36,19,55,0,test,order_details.csv,963
10612,49,20,18,0,test,order_details.csv,964
10612,60,34,40,0,test,order_details.csv,965
10612,76,18,80,0,test,order_details.csv,966
10613,13,6,8,0.1,test,order_details.csv,967
10613,75,7.75,40,0,test,order_details.csv,968
10614,11,21,14,0,test,order_details.csv,969
10614,21,10,8,0,test,order_details.csv,970
10614,39,18,5,0,test,order_details.csv,971
10615,55,24,5,0,test,order_details.csv,972
10616,38,263.5,15,0.05,test,order_details.csv,973
10616,56,38,14,0,test,order_details.csv,974
10616,70,15,15,0.05,test,order_details.csv,975
10616,71,21.5,15,0.05,test,order_details.csv,976
10617,59,55,30,0.15,test,order_details.csv,977
10618,6,25,70,0,test,order_details.csv,978
10618,56,38,20,0,test,order_details.csv,979
10618,68,12.5,15,0,test,order_details.csv,980
10619,21,10,42,0,test,order_details.csv,981
10619,22,21,40,0,test,order_details.csv,982
10620,24,4.5,5,0,test,order_details.csv,983
10620,52,7,5,0,test,order_details.csv,984
10621,19,9.2,5,0,test,order_details.csv,985
10621,23,9,10,0,test,order_details.csv,986
10621,70,15,20,0,test,order_details.csv,987
10621,71,21.5,15,0,test,order_details.csv,988
10622,2,19,20,0,test,order_details.csv,989
10622,68,12.5,18,0.2,test,order_details.csv,990
10623,14,23.25,21,0,test,order_details.csv,991
10623,19,9.2,15,0.1,test,order_details.csv,992
10623,21,10,25,0.1,test,order_details.csv,993
10623,24,4.5,3,0,test,order_details.csv,994
10623,35,18,30,0.1,test,order_details.csv,995
10624,28,45.6,10,0,test,order_details.csv,996
10624,29,123.79,6,0,test,order_details.csv,997
10624,44,19.45,10,0,test,order_details.csv,998
10625,14,23.25,3,0,test,order_details.csv,999
10625,42,14,5,0,test,order_details.csv,1000
10625,60,34,10,0,test,order_details.csv,1001
10626,53,32.8,12,0,test,order_details.csv,1002
10626,60,34,20,0,test,order_details.csv,1003
10626,71,21.5,20,0,test,order_details.csv,1004
10627,62,49.3,15,0,test,order_details.csv,1005
10627,73,15,35,0.15,test,order_details.csv,1006
10628,1,18,25,0,test,order_details.csv,1007
10629,29,123.79,20,0,test,order_details.csv,1008
10629,64,33.25,9,0,test,order_details.csv,1009
10630,55,24,12,0.05,test,order_details.csv,1010
10630,76,18,35,0,test,order_details.csv,1011
10631,75,7.75,8,0.1,test,order_details.csv,1012
10632,2,19,30,0.05,test,order_details.csv,1013
10632,33,2.5,20,0.05,test,order_details.csv,1014
10633,12,38,36,0.15,test,order_details.csv,1015
10633,13,6,13,0.15,test,order_details.csv,1016
10633,26,31.23,35,0.15,test,order_details.csv,1017
10633,62,49.3,80,0.15,test,order_details.csv,1018
10634,7,30,35,0,test,order_details.csv,1019
10634,18,62.5,50,0,test,order_details.csv,1020
10634,51,53,15,0,test,order_details.csv,1021
10634,75,7.75,2,0,test,order_details.csv,1022
10635,4,22,10,0.1,test,order_details.csv,1023
10635,5,21.35,15,0.1,test,order_details.csv,1024
10635,22,21,40,0,test,order_details.csv,1025
10636,4,22,25,0,test,order_details.csv,1026
10636,58,13.25,6,0,test,order_details.csv,1027
10637,11,21,10,0,test,order_details.csv,1028
10637,50,16.25,25,0.05,test,order_details.csv,1029
10637,56,38,60,0.05,test,order_details.csv,1030
10638,45,9.5,20,0,test,order_details.csv,1031
10638,65,21.05,21,0,test,order_details.csv,1032
10638,72,34.8,60,0,test,order_details.csv,1033
10639,18,62.5,8,0,test,order_details.csv,1034
10640,69,36,20,0.25,test,order_details.csv,1035
10640,70,15,15,0.25,test,order_details.csv,1036
10641,2,19,50,0,test,order_details.csv,1037
10641,40,18.4,60,0,test,order_details.csv,1038
10642,21,10,30,0.2,test,order_details.csv,1039
10642,61,28.5,20,0.2,test,order_details.csv,1040
10643,28,45.6,15,0.25,test,order_details.csv,1041
10643,39,18,21,0.25,test,order_details.csv,1042
10643,46,12,2,0.25,test,order_details.csv,1043
10644,18,62.5,4,0.1,test,order_details.csv,1044
10644,43,46,20,0,test,order_details.csv,1045
10644,46,12,21,0.1,test,order_details.csv,1046
10645,18,62.5,20,0,test,order_details.csv,1047
10645,36,19,15,0,test,order_details.csv,1048
10646,1,18,15,0.25,test,order_details.csv,1049
10646,10,31,18,0.25,test,order_details.csv,1050
10646,71,21.5,30,0.25,test,order_details.csv,1051
10646,77,13,35,0.25,test,order_details.csv,1052
10647,19,9.2,30,0,test,order_details.csv,1053
10647,39,18,20,0,test,order_details.csv,1054
10648,22,21,15,0,test,order_details.csv,1055
10648,24,4.5,15,0.15,test,order_details.csv,1056
10649,28,45.6,20,0,test,order_details.csv,1057
10649,72,34.8,15,0,test,order_details.csv,1058
10650,30,25.89,30,0,test,order_details.csv,1059
10650,53,32.8,25,0.05,test,order_details.csv,1060
10650,54,7.45,30,0,test,order_details.csv,1061
10651,19,9.2,12,0.25,test,order_details.csv,1062
10651,22,21,20,0.25,test,order_details.csv,1063
10652,30,25.89,2,0.25,test,order_details.csv,1064
10652,42,14,20,0,test,order_details.csv,1065
10653,16,17.45,30,0.1,test,order_details.csv,1066
10653,60,34,20,0.1,test,order_details.csv,1067
10654,4,22,12,0.1,test,order_details.csv,1068
10654,39,18,20,0.1,test,order_details.csv,1069
10654,54,7.45,6,0.1,test,order_details.csv,1070
10655,41,9.65,20,0.2,test,order_details.csv,1071
10656,14,23.25,3,0.1,test,order_details.csv,1072
10656,44,19.45,28,0.1,test,order_details.csv,1073
10656,47,9.5,6,0.1,test,order_details.csv,1074
10657,15,15.5,50,0,test,order_details.csv,1075
10657,41,9.65,24,0,test,order_details.csv,1076
10657,46,12,45,0,test,order_details.csv,1077
10657,47,9.5,10,0,test,order_details.csv,1078
10657,56,38,45,0,test,order_details.csv,1079
10657,60,34,30,0,test,order_details.csv,1080
10658,21,10,60,0,test,order_details.csv,1081
10658,40,18.4,70,0.05,test,order_details.csv,1082
10658,60,34,55,0.05,test,order_details.csv,1083
10658,77,13,70,0.05,test,order_details.csv,1084
10659,31,12.5,20,0.05,test,order_details.csv,1085
10659,40,18.4,24,0.05,test,order_details.csv,1086
10659,70,15,40,0.05,test,order_details.csv,1087
10660,20,81,21,0,test,order_details.csv,1088
10661,39,18,3,0.2,test,order_details.csv,1089
10661,58,13.25,49,0.2,test,order_details.csv,1090
10662,68,12.5,10,0,test,order_details.csv,1091
10663,40,18.4,30,0.05,test,order_details.csv,1092
10663,42,14,30,0.05,test,order_details.csv,1093
10663,51,53,20,0.05,test,order_details.csv,1094
10664,10,31,24,0.15,test,order_details.csv,1095
10664,56,38,12,0.15,test,order_details.csv,1096
10664,65,21.05,15,0.15,test,order_details.csv,1097
10665,51,53,20,0,test,order_details.csv,1098
10665,59,55,1,0,test,order_details.csv,1099
10665,76,18,10,0,test,order_details.csv,1100
10666,29,123.79,36,0,test,order_details.csv,1101
10666,65,21.05,10,0,test,order_details.csv,1102
10667,69,36,45,0.2,test,order_details.csv,1103
10667,71,21.5,14,0.2,test,order_details.csv,1104
10668,31,12.5,8,0.1,test,order_details.csv,1105
10668,55,24,4,0.1,test,order_details.csv,1106
10668,64,33.25,15,0.1,test,order_details.csv,1107
10669,36,19,30,0,test,order_details.csv,1108
10670,23,9,32,0,test,order_details.csv,1109
10670,46,12,60,0,test,order_details.csv,1110
10670,67,14,25,0,test,order_details.csv,1111
10670,73,15,50,0,test,order_details.csv,1112
10670,75,7.75,25,0,test,order_details.csv,1113
10671,16,17.45,10,0,test,order_details.csv,1114
10671,62,49.3,10,0,test,order_details.csv,1115
10671,65,21.05,12,0,test,order_details.csv,1116
10672,38,263.5,15,0.1,test,order_details.csv,1117
10672,71,21.5,12,0,test,order_details.csv,1118
10673,16,17.45,3,0,test,order_details.csv,1119
10673,42,14,6,0,test,order_details.csv,1120
10673,43,46,6,0,test,order_details.csv,1121
10674,23,9,5,0,test,order_details.csv,1122
10675,14,23.25,30,0,test,order_details.csv,1123
10675,53,32.8,10,0,test,order_details.csv,1124
10675,58,13.25,30,0,test,order_details.csv,1125
10676,10,31,2,0,test,order_details.csv,1126
10676,19,9.2,7,0,test,order_details.csv,1127
10676,44,19.45,21,0,test,order_details.csv,1128
10677,26,31.23,30,0.15,test,order_details.csv,1129
10677,33,2.5,8,0.15,test,order_details.csv,1130
10678,12,38,100,0,test,order_details.csv,1131
10678,33,2.5,30,0,test,order_details.csv,1132
10678,41,9.65,120,0,test,order_details.csv,1133
10678,54,7.45,30,0,test,order_details.csv,1134
10679,59,55,12,0,test,order_details.csv,1135
10680,16,17.45,50,0.25,test,order_details.csv,1136
10680,31,12.5,20,0.25,test,order_details.csv,1137
10680,42,14,40,0.25,test,order_details.csv,1138
10681,19,9.2,30,0.1,test,order_details.csv,1139
10681,21,10,12,0.1,test,order_details.csv,1140
10681,64,33.25,28,0,test,order_details.csv,1141
10682,33,2.5,30,0,test,order_details.csv,1142
10682,66,17,4,0,test,order_details.csv,1143
10682,75,7.75,30,0,test,order_details.csv,1144
10683,52,7,9,0,test,order_details.csv,1145
10684,40,18.4,20,0,test,order_details.csv,1146
10684,47,9.5,40,0,test,order_details.csv,1147
10684,60,34,30,0,test,order_details.csv,1148
10685,10,31,20,0,test,order_details.csv,1149
10685,41,9.65,4,0,test,order_details.csv,1150
10685,47,9.5,15,0,test,order_details.csv,1151
10686,17,39,30,0.2,test,order_details.csv,1152
10686,26,31.23,15,0,test,order_details.csv,1153
10687,9,97,50,0.25,test,order_details.csv,1154
10687,29,123.79,10,0,test,order_details.csv,1155
10687,36,19,6,0.25,test,order_details.csv,1156
10688,10,31,18,0.1,test,order_details.csv,1157
10688,28,45.6,60,0.1,test,order_details.csv,1158
10688,34,14,14,0,test,order_details.csv,1159
10689,1,18,35,0.25,test,order_details.csv,1160
10690,56,38,20,0.25,test,order_details.csv,1161
10690,77,13,30,0.25,test,order_details.csv,1162
10691,1,18,30,0,test,order_details.csv,1163
10691,29,123.79,40,0,test,order_details.csv,1164
10691,43,46,40,0,test,order_details.csv,1165
10691,44,19.45,24,0,test,order_details.csv,1166
10691,62,49.3,48,0,test,order_details.csv,1167
10692,63,43.9,20,0,test,order_details.csv,1168
10693,9,97,6,0,test,order_details.csv,1169
10693,54,7.45,60,0.15,test,order_details.csv,1170
10693,69,36,30,0.15,test,order_details.csv,1171
10693,73,15,15,0.15,test,order_details.csv,1172
10694,7,30,90,0,test,order_details.csv,1173
10694,59,55,25,0,test,order_details.csv,1174
10694,70,15,50,0,test,order_details.csv,1175
10695,8,40,10,0,test,order_details.csv,1176
10695,12,38,4,0,test,order_details.csv,1177
10695,24,4.5,20,0,test,order_details.csv,1178
10696,17,39,20,0,test,order_details.csv,1179
10696,46,12,18,0,test,order_details.csv,1180
10697,19,9.2,7,0.25,test,order_details.csv,1181
10697,35,18,9,0.25,test,order_details.csv,1182
10697,58,13.25,30,0.25,test,order_details.csv,1183
10697,70,15,30,0.25,test,order_details.csv,1184
10698,11,21,15,0,test,order_details.csv,1185
10698,17,39,8,0.05,test,order_details.csv,1186
10698,29,123.79,12,0.05,test,order_details.csv,1187
10698,65,21.05,65,0.05,test,order_details.csv,1188
10698,70,15,8,0.05,test,order_details.csv,1189
10699,47,9.5,12,0,test,order_details.csv,1190
10700,1,18,5,0.2,test,order_details.csv,1191
10700,34,14,12,0.2,test,order_details.csv,1192
10700,68,12.5,40,0.2,test,order_details.csv,1193
10700,71,21.5,60,0.2,test,order_details.csv,1194
10701,59,55,42,0.15,test,order_details.csv,1195
10701,71,21.5,20,0.15,test,order_details.csv,1196
10701,76,18,35,0.15,test,order_details.csv,1197
10702,3,10,6,0,test,order_details.csv,1198
10702,76,18,15,0,test,order_details.csv,1199
10703,2,19,5,0,test,order_details.csv,1200
10703,59,55,35,0,test,order_details.csv,1201
10703,73,15,35,0,test,order_details.csv,1202
10704,4,22,6,0,test,order_details.csv,1203
10704,24,4.5,35,0,test,order_details.csv,1204
10704,48,12.75,24,0,test,order_details.csv,1205
10705,31,12.5,20,0,test,order_details.csv,1206
10705,32,32,4,0,test,order_details.csv,1207
10706,16,17.45,20,0,test,order_details.csv,1208
10706,43,46,24,0,test,order_details.csv,1209
10706,59,55,8,0,test,order_details.csv,1210
10707,55,24,21,0,test,order_details.csv,1211
10707,57,19.5,40,0,test,order_details.csv,1212
10707,70,15,28,0.15,test,order_details.csv,1213
10708,5,21.35,4,0,test,order_details.csv,1214
10708,36,19,5,0,test,order_details.csv,1215
10709,8,40,40,0,test,order_details.csv,1216
10709,51,53,28,0,test,order_details.csv,1217
10709,60,34,10,0,test,order_details.csv,1218
10710,19,9.2,5,0,test,order_details.csv,1219
10710,47,9.5,5,0,test,order_details.csv,1220
10711,19,9.2,12,0,test,order_details.csv,1221
10711,41,9.65,42,0,test,order_details.csv,1222
10711,53,32.8,120,0,test,order_details.csv,1223
10712,53,32.8,3,0.05,test,order_details.csv,1224
10712,56,38,30,0,test,order_details.csv,1225
10713,10,31,18,0,test,order_details.csv,1226
10713,26,31.23,30,0,test,order_details.csv,1227
10713,45,9.5,110,0,test,order_details.csv,1228
10713,46,12,24,0,test,order_details.csv,1229
10714,2,19,30,0.25,test,order_details.csv,1230
10714,17,39,27,0.25,test,order_details.csv,1231
10714,47,9.5,50,0.25,test,order_details.csv,1232
10714,56,38,18,0.25,test,order_details.csv,1233
10714,58,13.25,12,0.25,test,order_details.csv,1234
10715,10,31,21,0,test,order_details.csv,1235
10715,71,21.5,30,0,test,order_details.csv,1236
10716,21,10,5,0,test,order_details.csv,1237
10716,51,53,7,0,test,order_details.csv,1238
10716,61,28.5,10,0,test,order_details.csv,1239
10717,21,10,32,0.05,test,order_details.csv,1240
10717,54,7.45,15,0,test,order_details.csv,1241
10717,69,36,25,0.05,test,order_details.csv,1242
10718,12,38,36,0,test,order_details.csv,1243
10718,16,17.45,20,0,test,order_details.csv,1244
10718,36,19,40,0,test,order_details.csv,1245
10718,62,49.3,20,0,test,order_details.csv,1246
10719,18,62.5,12,0.25,test,order_details.csv,1247
10719,30,25.89,3,0.25,test,order_details.csv,1248
10719,54,7.45,40,0.25,test,order_details.csv,1249
10720,35,18,21,0,test,order_details.csv,1250
10720,71,21.5,8,0,test,order_details.csv,1251
10721,44,19.45,50,0.05,test,order_details.csv,1252
10722,2,19,3,0,test,order_details.csv,1253
10722,31,12.5,50,0,test,order_details.csv,1254
10722,68,12.5,45,0,test,order_details.csv,1255
10722,75,7.75,42,0,test,order_details.csv,1256
10723,26,31.23,15,0,test,order_details.csv,1257
10724,10,31,16,0,test,order_details.csv,1258
10724,61,28.5,5,0,test,order_details.csv,1259
10725,41,9.65,12,0,test,order_details.csv,1260
10725,52,7,4,0,test,order_details.csv,1261
10725,55,24,6,0,test,order_details.csv,1262
10726,4,22,25,0,test,order_details.csv,1263
10726,11,21,5,0,test,order_details.csv,1264
10727,17,39,20,0.05,test,order_details.csv,1265
10727,56,38,10,0.05,test,order_details.csv,1266
10727,59,55,10,0.05,test,order_details.csv,1267
10728,30,25.89,15,0,test,order_details.csv,1268
10728,40,18.4,6,0,test,order_details.csv,1269
10728,55,24,12,0,test,order_details.csv,1270
10728,60,34,15,0,test,order_details.csv,1271
10729,1,18,50,0,test,order_details.csv,1272
10729,21,10,30,0,test,order_details.csv,1273
10729,50,16.25,40,0,test,order_details.csv,1274
10730,16,17.45,15,0.05,test,order_details.csv,1275
10730,31,12.5,3,0.05,test,order_details.csv,1276
10730,65,21.05,10,0.05,test,order_details.csv,1277
10731,21,10,40,0.05,test,order_details.csv,1278
10731,51,53,30,0.05,test,order_details.csv,1279
10732,76,18,20,0,test,order_details.csv,1280
10733,14,23.25,16,0,test,order_details.csv,1281
10733,28,45.6,20,0,test,order_details.csv,1282
10733,52,7,25,0,test,order_details.csv,1283
10734,6,25,30,0,test,order_details.csv,1284
10734,30,25.89,15,0,test,order_details.csv,1285
10734,76,18,20,0,test,order_details.csv,1286
10735,61,28.5,20,0.1,test,order_details.csv,1287
10735,77,13,2,0.1,test,order_details.csv,1288
10736,65,21.05,40,0,test,order_details.csv,1289
10736,75,7.75,20,0,test,order_details.csv,1290
10737,13,6,4,0,test,order_details.csv,1291
10737,41,9.65,12,0,test,order_details.csv,1292
10738,16,17.45,3,0,test,order_details.csv,1293
10739,36,19,6,0,test,order_details.csv,1294
10739,52,7,18,0,test,order_details.csv,1295
10740,28,45.6,5,0.2,test,order_details.csv,1296
10740,35,18,35,0.2,test,order_details.csv,1297
10740,45,9.5,40,0.2,test,order_details.csv,1298
10740,56,38,14,0.2,test,order_details.csv,1299
10741,2,19,15,0.2,test,order_details.csv,1300
10742,3,10,20,0,test,order_details.csv,1301
10742,60,34,50,0,test,order_details.csv,1302
10742,72,34.8,35,0,test,order_details.csv,1303
10743,46,12,28,0.05,test,order_details.csv,1304
10744,40,18.4,50,0.2,test,order_details.csv,1305
10745,18,62.5,24,0,test,order_details.csv,1306
10745,44,19.45,16,0,test,order_details.csv,1307
10745,59,55,45,0,test,order_details.csv,1308
10745,72,34.8,7,0,test,order_details.csv,1309
10746,13,6,6,0,test,order_details.csv,1310
10746,42,14,28,0,test,order_details.csv,1311
10746,62,49.3,9,0,test,order_details.csv,1312
10746,69,36,40,0,test,order_details.csv,1313
10747,31,12.5,8,0,test,order_details.csv,1314
10747,41,9.65,35,0,test,order_details.csv,1315
10747,63,43.9,9,0,test,order_details.csv,1316
10747,69,36,30,0,test,order_details.csv,1317
10748,23,9,44,0,test,order_details.csv,1318
10748,40,18.4,40,0,test,order_details.csv,1319
10748,56,38,28,0,test,order_details.csv,1320
10749,56,38,15,0,test,order_details.csv,1321
10749,59,55,6,0,test,order_details.csv,1322
10749,76,18,10,0,test,order_details.csv,1323
10750,14,23.25,5,0.15,test,order_details.csv,1324
10750,45,9.5,40,0.15,test,order_details.csv,1325
10750,59,55,25,0.15,test,order_details.csv,1326
10751,26,31.23,12,0.1,test,order_details.csv,1327
10751,30,25.89,30,0,test,order_details.csv,1328
10751,50,16.25,20,0.1,test,order_details.csv,1329
10751,73,15,15,0,test,order_details.csv,1330
10752,1,18,8,0,test,order_details.csv,1331
10752,69,36,3,0,test,order_details.csv,1332
10753,45,9.5,4,0,test,order_details.csv,1333
10753,74,10,5,0,test,order_details.csv,1334
10754,40,18.4,3,0,test,order_details.csv,1335
10755,47,9.5,30,0.25,test,order_details.csv,1336
10755,56,38,30,0.25,test,order_details.csv,1337
10755,57,19.5,14,0.25,test,order_details.csv,1338
10755,69,36,25,0.25,test,order_details.csv,1339
10756,18,62.5,21,0.2,test,order_details.csv,1340
10756,36,19,20,0.2,test,order_details.csv,1341
10756,68,12.5,6,0.2,test,order_details.csv,1342
10756,69,36,20,0.2,test,order_details.csv,1343
10757,34,14,30,0,test,order_details.csv,1344
10757,59,55,7,0,test,order_details.csv,1345
10757,62,49.3,30,0,test,order_details.csv,1346
10757,64,33.25,24,0,test,order_details.csv,1347
10758,26,31.23,20,0,test,order_details.csv,1348
10758,52,7,60,0,test,order_details.csv,1349
10758,70,15,40,0,test,order_details.csv,1350
10759,32,32,10,0,test,order_details.csv,1351
10760,25,14,12,0.25,test,order_details.csv,1352
10760,27,43.9,40,0,test,order_details.csv,1353
10760,43,46,30,0.25,test,order_details.csv,1354
10761,25,14,35,0.25,test,order_details.csv,1355
10761,75,7.75,18,0,test,order_details.csv,1356
10762,39,18,16,0,test,order_details.csv,1357
10762,47,9.5,30,0,test,order_details.csv,1358
10762,51,53,28,0,test,order_details.csv,1359
10762,56,38,60,0,test,order_details.csv,1360
10763,21,10,40,0,test,order_details.csv,1361
10763,22,21,6,0,test,order_details.csv,1362
10763,24,4.5,20,0,test,order_details.csv,1363
10764,3,10,20,0.1,test,order_details.csv,1364
10764,39,18,130,0.1,test,order_details.csv,1365
10765,65,21.05,80,0.1,test,order_details.csv,1366
10766,2,19,40,0,test,order_details.csv,1367
10766,7,30,35,0,test,order_details.csv,1368
10766,68,12.5,40,0,test,order_details.csv,1369
10767,42,14,2,0,test,order_details.csv,1370
10768,22,21,4,0,test,order_details.csv,1371
10768,31,12.5,50,0,test,order_details.csv,1372
10768,60,34,15,0,test,order_details.csv,1373
10768,71,21.5,12,0,test,order_details.csv,1374
10769,41,9.65,30,0.05,test,order_details.csv,1375
10769,52,7,15,0.05,test,order_details.csv,1376
10769,61,28.5,20,0,test,order_details.csv,1377
10769,62,49.3,15,0,test,order_details.csv,1378
10770,11,21,15,0.25,test,order_details.csv,1379
10771,71,21.5,16,0,test,order_details.csv,1380
10772,29,123.79,18,0,test,order_details.csv,1381
10772,59,55,25,0,test,order_details.csv,1382
10773,17,39,33,0,test,order_details.csv,1383
10773,31,12.5,70,0.2,test,order_details.csv,1384
10773,75,7.75,7,0.2,test,order_details.csv,1385
10774,31,12.5,2,0.25,test,order_details.csv,1386
10774,66,17,50,0,test,order_details.csv,1387
10775,10,31,6,0,test,order_details.csv,1388
10775,67,14,3,0,test,order_details.csv,1389
10776,31,12.5,16,0.05,test,order_details.csv,1390
10776,42,14,12,0.05,test,order_details.csv,1391
10776,45,9.5,27,0.05,test,order_details.csv,1392
10776,51,53,120,0.05,test,order_details.csv,1393
10777,42,14,20,0.2,test,order_details.csv,1394
10778,41,9.65,10,0,test,order_details.csv,1395
10779,16,17.45,20,0,test,order_details.csv,1396
10779,62,49.3,20,0,test,order_details.csv,1397
10780,70,15,35,0,test,order_details.csv,1398
10780,77,13,15,0,test,order_details.csv,1399
10781,54,7.45,3,0.2,test,order_details.csv,1400
10781,56,38,20,0.2,test,order_details.csv,1401
10781,74,10,35,0,test,order_details.csv,1402
10782,31,12.5,1,0,test,order_details.csv,1403
10783,31,12.5,10,0,test,order_details.csv,1404
10783,38,263.5,5,0,test,order_details.csv,1405
10784,36,19,30,0,test,order_details.csv,1406
10784,39,18,2,0.15,test,order_details.csv,1407
10784,72,34.8,30,0.15,test,order_details.csv,1408
10785,10,31,10,0,test,order_details.csv,1409
10785,75,7.75,10,0,test,order_details.csv,1410
10786,8,40,30,0.2,test,order_details.csv,1411
10786,30,25.89,15,0.2,test,order_details.csv,1412
10786,75,7.75,42,0.2,test,order_details.csv,1413
10787,2,19,15,0.05,test,order_details.csv,1414
10787,29,123.79,20,0.05,test,order_details.csv,1415
10788,19,9.2,50,0.05,test,order_details.csv,1416
10788,75,7.75,40,0.05,test,order_details.csv,1417
10789,18,62.5,30,0,test,order_details.csv,1418
10789,35,18,15,0,test,order_details.csv,1419
10789,63,43.9,30,0,test,order_details.csv,1420
10789,68,12.5,18,0,test,order_details.csv,1421
10790,7,30,3,0.15,test,order_details.csv,1422
10790,56,38,20,0.15,test,order_details.csv,1423
10791,29,123.79,14,0.05,test,order_details.csv,1424
10791,41,9.65,20,0.05,test,order_details.csv,1425
10792,2,19,10,0,test,order_details.csv,1426
10792,54,7.45,3,0,test,order_details.csv,1427
10792,68,12.5,15,0,test,order_details.csv,1428
10793,41,9.65,14,0,test,order_details.csv,1429
10793,52,7,8,0,test,order_details.csv,1430
10794,14,23.25,15,0.2,test,order_details.csv,1431
10794,54,7.45,6,0.2,test,order_details.csv,1432
10795,16,17.45,65,0,test,order_details.csv,1433
10795,17,39,35,0.25,test,order_details.csv,1434
10796,26,31.23,21,0.2,test,order_details.csv,1435
10796,44,19.45,10,0,test,order_details.csv,1436
10796,64,33.25,35,0.2,test,order_details.csv,1437
10796,69,36,24,0.2,test,order_details.csv,1438
10797,11,21,20,0,test,order_details.csv,1439
10798,62,49.3,2,0,test,order_details.csv,1440
10798,72,34.8,10,0,test,order_details.csv,1441
10799,13,6,20,0.15,test,order_details.csv,1442
10799,24,4.5,20,0.15,test,order_details.csv,1443
10799,59,55,25,0,test,order_details.csv,1444
10800,11,21,50,0.1,test,order_details.csv,1445
10800,51,53,10,0.1,test,order_details.csv,1446
10800,54,7.45,7,0.1,test,order_details.csv,1447
10801,17,39,40,0.25,test,order_details.csv,1448
10801,29,123.79,20,0.25,test,order_details.csv,1449
10802,30,25.89,25,0.25,test,order_details.csv,1450
10802,51,53,30,0.25,test,order_details.csv,1451
10802,55,24,60,0.25,test,order_details.csv,1452
10802,62,49.3,5,0.25,test,order_details.csv,1453
10803,19,9.2,24,0.05,test,order_details.csv,1454
10803,25,14,15,0.05,test,order_details.csv,1455
10803,59,55,15,0.05,test,order_details.csv,1456
10804,10,31,36,0,test,order_details.csv,1457
10804,28,45.6,24,0,test,order_details.csv,1458
10804,49,20,4,0.15,test,order_details.csv,1459
10805,34,14,10,0,test,order_details.csv,1460
10805,38,263.5,10,0,test,order_details.csv,1461
10806,2,19,20,0.25,test,order_details.csv,1462
10806,65,21.05,2,0,test,order_details.csv,1463
10806,74,10,15,0.25,test,order_details.csv,1464
10807,40,18.4,1,0,test,order_details.csv,1465
10808,56,38,20,0.15,test,order_details.csv,1466
10808,76,18,50,0.15,test,order_details.csv,1467
10809,52,7,20,0,test,order_details.csv,1468
10810,13,6,7,0,test,order_details.csv,1469
10810,25,14,5,0,test,order_details.csv,1470
10810,70,15,5,0,test,order_details.csv,1471
10811,19,9.2,15,0,test,order_details.csv,1472
10811,23,9,18,0,test,order_details.csv,1473
10811,40,18.4,30,0,test,order_details.csv,1474
10812,31,12.5,16,0.1,test,order_details.csv,1475
10812,72,34.8,40,0.1,test,order_details.csv,1476
10812,77,13,20,0,test,order_details.csv,1477
10813,2,19,12,0.2,test,order_details.csv,1478
10813,46,12,35,0,test,order_details.csv,1479
10814,41,9.65,20,0,test,order_details.csv,1480
10814,43,46,20,0.15,test,order_details.csv,1481
10814,48,12.75,8,0.15,test,order_details.csv,1482
10814,61,28.5,30,0.15,test,order_details.csv,1483
10815,33,2.5,16,0,test,order_details.csv,1484
10816,38,263.5,30,0.05,test,order_details.csv,1485
10816,62,49.3,20,0.05,test,order_details.csv,1486
10817,26,31.23,40,0.15,test,order_details.csv,1487
10817,38,263.5,30,0,test,order_details.csv,1488
10817,40,18.4,60,0.15,test,order_details.csv,1489
10817,62,49.3,25,0.15,test,order_details.csv,1490
10818,32,32,20,0,test,order_details.csv,1491
10818,41,9.65,20,0,test,order_details.csv,1492
10819,43,46,7,0,test,order_details.csv,1493
10819,75,7.75,20,0,test,order_details.csv,1494
10820,56,38,30,0,test,order_details.csv,1495
10821,35,18,20,0,test,order_details.csv,1496
10821,51,53,6,0,test,order_details.csv,1497
10822,62,49.3,3,0,test,order_details.csv,1498
10822,70,15,6,0,test,order_details.csv,1499
10823,11,21,20,0.1,test,order_details.csv,1500
10823,57,19.5,15,0,test,order_details.csv,1501
10823,59,55,40,0.1,test,order_details.csv,1502
10823,77,13,15,0.1,test,order_details.csv,1503
10824,41,9.65,12,0,test,order_details.csv,1504
10824,70,15,9,0,test,order_details.csv,1505
10825,26,31.23,12,0,test,order_details.csv,1506
10825,53,32.8,20,0,test,order_details.csv,1507
10826,31,12.5,35,0,test,order_details.csv,1508
10826,57,19.5,15,0,test,order_details.csv,1509
10827,10,31,15,0,test,order_details.csv,1510
10827,39,18,21,0,test,order_details.csv,1511
10828,20,81,5,0,test,order_details.csv,1512
10828,38,263.5,2,0,test,order_details.csv,1513
10829,2,19,10,0,test,order_details.csv,1514
10829,8,40,20,0,test,order_details.csv,1515
10829,13,6,10,0,test,order_details.csv,1516
10829,60,34,21,0,test,order_details.csv,1517
10830,6,25,6,0,test,order_details.csv,1518
10830,39,18,28,0,test,order_details.csv,1519
10830,60,34,30,0,test,order_details.csv,1520
10830,68,12.5,24,0,test,order_details.csv,1521
10831,19,9.2,2,0,test,order_details.csv,1522
10831,35,18,8,0,test,order_details.csv,1523
10831,38,263.5,8,0,test,order_details.csv,1524
10831,43,46,9,0,test,order_details.csv,1525
10832,13,6,3,0.2,test,order_details.csv,1526
10832,25,14,10,0.2,test,order_details.csv,1527
10832,44,19.45,16,0.2,test,order_details.csv,1528
10832,64,33.25,3,0,test,order_details.csv,1529
10833,7,30,20,0.1,test,order_details.csv,1530
10833,31,12.5,9,0.1,test,order_details.csv,1531
10833,53,32.8,9,0.1,test,order_details.csv,1532
10834,29,123.79,8,0.05,test,order_details.csv,1533
10834,30,25.89,20,0.05,test,order_details.csv,1534
10835,59,55,15,0,test,order_details.csv,1535
10835,77,13,2,0.2,test,order_details.csv,1536
10836,22,21,52,0,test,order_details.csv,1537
10836,35,18,6,0,test,order_details.csv,1538
10836,57,19.5,24,0,test,order_details.csv,1539
10836,60,34,60,0,test,order_details.csv,1540
10836,64,33.25,30,0,test,order_details.csv,1541
10837,13,6,6,0,test,order_details.csv,1542
10837,40,18.4,25,0,test,order_details.csv,1543
10837,47,9.5,40,0.25,test,order_details.csv,1544
10837,76,18,21,0.25,test,order_details.csv,1545
10838,1,18,4,0.25,test,order_details.csv,1546
10838,18,62.5,25,0.25,test,order_details.csv,1547
10838,36,19,50,0.25,test,order_details.csv,1548
10839,58,13.25,30,0.1,test,order_details.csv,1549
10839,72,34.8,15,0.1,test,order_details.csv,1550
10840,25,14,6,0.2,test,order_details.csv,1551
10840,39,18,10,0.2,test,order_details.csv,1552
10841,10,31,16,0,test,order_details.csv,1553
10841,56,38,30,0,test,order_details.csv,1554
10841,59,55,50,0,test,order_details.csv,1555
10841,77,13,15,0,test,order_details.csv,1556
10842,11,21,15,0,test,order_details.csv,1557
10842,43,46,5,0,test,order_details.csv,1558
10842,68,12.5,20,0,test,order_details.csv,1559
10842,70,15,12,0,test,order_details.csv,1560
10843,51,53,4,0.25,test,order_details.csv,1561
10844,22,21,35,0,test,order_details.csv,1562
10845,23,9,70,0.1,test,order_details.csv,1563
10845,35,18,25,0.1,test,order_details.csv,1564
10845,42,14,42,0.1,test,order_details.csv,1565
10845,58,13.25,60,0.1,test,order_details.csv,1566
10845,64,33.25,48,0,test,order_details.csv,1567
10846,4,22,21,0,test,order_details.csv,1568
10846,70,15,30,0,test,order_details.csv,1569
10846,74,10,20,0,test,order_details.csv,1570
10847,1,18,80,0.2,test,order_details.csv,1571
10847,19,9.2,12,0.2,test,order_details.csv,1572
10847,37,26,60,0.2,test,order_details.csv,1573
10847,45,9.5,36,0.2,test,order_details.csv,1574
10847,60,34,45,0.2,test,order_details.csv,1575
10847,71,21.5,55,0.2,test,order_details.csv,1576
10848,5,21.35,30,0,test,order_details.csv,1577
10848,9,97,3,0,test,order_details.csv,1578
10849,3,10,49,0,test,order_details.csv,1579
10849,26,31.23,18,0.15,test,order_details.csv,1580
10850,25,14,20,0.15,test,order_details.csv,1581
10850,33,2.5,4,0.15,test,order_details.csv,1582
10850,70,15,30,0.15,test,order_details.csv,1583
10851,2,19,5,0.05,test,order_details.csv,1584
10851,25,14,10,0.05,test,order_details.csv,1585
10851,57,19.5,10,0.05,test,order_details.csv,1586
10851,59,55,42,0.05,test,order_details.csv,1587
10852,2,19,15,0,test,order_details.csv,1588
10852,17,39,6,0,test,order_details.csv,1589
10852,62,49.3,50,0,test,order_details.csv,1590
10853,18,62.5,10,0,test,order_details.csv,1591
10854,10,31,100,0.15,test,order_details.csv,1592
10854,13,6,65,0.15,test,order_details.csv,1593
10855,16,17.45,50,0,test,order_details.csv,1594
10855,31,12.5,14,0,test,order_details.csv,1595
10855,56,38,24,0,test,order_details.csv,1596
10855,65,21.05,15,0.15,test,order_details.csv,1597
10856,2,19,20,0,test,order_details.csv,1598
10856,42,14,20,0,test,order_details.csv,1599
10857,3,10,30,0,test,order_details.csv,1600
10857,26,31.23,35,0.25,test,order_details.csv,1601
10857,29,123.79,10,0.25,test,order_details.csv,1602
10858,7,30,5,0,test,order_details.csv,1603
10858,27,43.9,10,0,test,order_details.csv,1604
10858,70,15,4,0,test,order_details.csv,1605
10859,24,4.5,40,0.25,test,order_details.csv,1606
10859,54,7.45,35,0.25,test,order_details.csv,1607
10859,64,33.25,30,0.25,test,order_details.csv,1608
10860,51,53,3,0,test,order_details.csv,1609
10860,76,18,20,0,test,order_details.csv,1610
10861,17,39,42,0,test,order_details.csv,1611
10861,18,62.5,20,0,test,order_details.csv,1612
10861,21,10,40,0,test,order_details.csv,1613
10861,33,2.5,35,0,test,order_details.csv,1614
10861,62,49.3,3,0,test,order_details.csv,1615
10862,11,21,25,0,test,order_details.csv,1616
10862,52,7,8,0,test,order_details.csv,1617
10863,1,18,20,0.15,test,order_details.csv,1618
10863,58,13.25,12,0.15,test,order_details.csv,1619
10864,35,18,4,0,test,order_details.csv,1620
10864,67,14,15,0,test,order_details.csv,1621
10865,38,263.5,60,0.05,test,order_details.csv,1622
10865,39,18,80,0.05,test,order_details.csv,1623
10866,2,19,21,0.25,test,order_details.csv,1624
10866,24,4.5,6,0.25,test,order_details.csv,1625
10866,30,25.89,40,0.25,test,order_details.csv,1626
10867,53,32.8,3,0,test,order_details.csv,1627
10868,26,31.23,20,0,test,order_details.csv,1628
10868,35,18,30,0,test,order_details.csv,1629
10868,49,20,42,0.1,test,order_details.csv,1630
10869,1,18,40,0,test,order_details.csv,1631
10869,11,21,10,0,test,order_details.csv,1632
10869,23,9,50,0,test,order_details.csv,1633
10869,68,12.5,20,0,test,order_details.csv,1634
10870,35,18,3,0,test,order_details.csv,1635
10870,51,53,2,0,test,order_details.csv,1636
10871,6,25,50,0.05,test,order_details.csv,1637
10871,16,17.45,12,0.05,test,order_details.csv,1638
10871,17,39,16,0.05,test,order_details.csv,1639
10872,55,24,10,0.05,test,order_details.csv,1640
10872,62,49.3,20,0.05,test,order_details.csv,1641
10872,64,33.25,15,0.05,test,order_details.csv,1642
10872,65,21.05,21,0.05,test,order_details.csv,1643
10873,21,10,20,0,test,order_details.csv,1644
10873,28,45.6,3,0,test,order_details.csv,1645
10874,10,31,10,0,test,order_details.csv,1646
10875,19,9.2,25,0,test,order_details.csv,1647
10875,47,9.5,21,0.1,test,order_details.csv,1648
10875,49,20,15,0,test,order_details.csv,1649
10876,46,12,21,0,test,order_details.csv,1650
10876,64,33.25,20,0,test,order_details.csv,1651
10877,16,17.45,30,0.25,test,order_details.csv,1652
10877,18,62.5,25,0,test,order_details.csv,1653
10878,20,81,20,0.05,test,order_details.csv,1654
10879,40,18.4,12,0,test,order_details.csv,1655
10879,65,21.05,10,0,test,order_details.csv,1656
10879,76,18,10,0,test,order_details.csv,1657
10880,23,9,30,0.2,test,order_details.csv,1658
10880,61,28.5,30,0.2,test,order_details.csv,1659
10880,70,15,50,0.2,test,order_details.csv,1660
10881,73,15,10,0,test,order_details.csv,1661
10882,42,14,25,0,test,order_details.csv,1662
10882,49,20,20,0.15,test,order_details.csv,1663
10882,54,7.45,32,0.15,test,order_details.csv,1664
10883,24,4.5,8,0,test,order_details.csv,1665
10884,21,10,40,0.05,test,order_details.csv,1666
10884,56,38,21,0.05,test,order_details.csv,1667
10884,65,21.05,12,0.05,test,order_details.csv,1668
10885,2,19,20,0,test,order_details.csv,1669
10885,24,4.5,12,0,test,order_details.csv,1670
10885,70,15,30,0,test,order_details.csv,1671
10885,77,13,25,0,test,order_details.csv,1672
10886,10,31,70,0,test,order_details.csv,1673
10886,31,12.5,35,0,test,order_details.csv,1674
10886,77,13,40,0,test,order_details.csv,1675
10887,25,14,5,0,test,order_details.csv,1676
10888,2,19,20,0,test,order_details.csv,1677
10888,68,12.5,18,0,test,order_details.csv,1678
10889,11,21,40,0,test,order_details.csv,1679
10889,38,263.5,40,0,test,order_details.csv,1680
10890,17,39,15,0,test,order_details.csv,1681
10890,34,14,10,0,test,order_details.csv,1682
10890,41,9.65,14,0,test,order_details.csv,1683
10891,30,25.89,15,0.05,test,order_details.csv,1684
10892,59,55,40,0.05,test,order_details.csv,1685
10893,8,40,30,0,test,order_details.csv,1686
10893,24,4.5,10,0,test,order_details.csv,1687
10893,29,123.79,24,0,test,order_details.csv,1688
10893,30,25.89,35,0,test,order_details.csv,1689
10893,36,19,20,0,test,order_details.csv,1690
10894,13,6,28,0.05,test,order_details.csv,1691
10894,69,36,50,0.05,test,order_details.csv,1692
10894,75,7.75,120,0.05,test,order_details.csv,1693
10895,24,4.5,110,0,test,order_details.csv,1694
10895,39,18,45,0,test,order_details.csv,1695
10895,40,18.4,91,0,test,order_details.csv,1696
10895,60,34,100,0,test,order_details.csv,1697
10896,45,9.5,15,0,test,order_details.csv,1698
10896,56,38,16,0,test,order_details.csv,1699
10897,29,123.79,80,0,test,order_details.csv,1700
10897,30,25.89,36,0,test,order_details.csv,1701
10898,13,6,5,0,test,order_details.csv,1702
10899,39,18,8,0.15,test,order_details.csv,1703
10900,70,15,3,0.25,test,order_details.csv,1704
10901,41,9.65,30,0,test,order_details.csv,1705
10901,71,21.5,30,0,test,order_details.csv,1706
10902,55,24,30,0.15,test,order_details.csv,1707
10902,62,49.3,6,0.15,test,order_details.csv,1708
10903,13,6,40,0,test,order_details.csv,1709
10903,65,21.05,21,0,test,order_details.csv,1710
10903,68,12.5,20,0,test,order_details.csv,1711
10904,58,13.25,15,0,test,order_details.csv,1712
10904,62,49.3,35,0,test,order_details.csv,1713
10905,1,18,20,0.05,test,order_details.csv,1714
10906,61,28.5,15,0,test,order_details.csv,1715
10907,75,7.75,14,0,test,order_details.csv,1716
10908,7,30,20,0.05,test,order_details.csv,1717
10908,52,7,14,0.05,test,order_details.csv,1718
10909,7,30,12,0,test,order_details.csv,1719
10909,16,17.45,15,0,test,order_details.csv,1720
10909,41,9.65,5,0,test,order_details.csv,1721
10910,19,9.2,12,0,test,order_details.csv,1722
10910,49,20,10,0,test,order_details.csv,1723
10910,61,28.5,5,0,test,order_details.csv,1724
10911,1,18,10,0,test,order_details.csv,1725
10911,17,39,12,0,test,order_details.csv,1726
10911,67,14,15,0,test,order_details.csv,1727
10912,11,21,40,0.25,test,order_details.csv,1728
10912,29,123.79,60,0.25,test,order_details.csv,1729
10913,4,22,30,0.25,test,order_details.csv,1730
10913,33,2.5,40,0.25,test,order_details.csv,1731
10913,58,13.25,15,0,test,order_details.csv,1732
10914,71,21.5,25,0,test,order_details.csv,1733
10915,17,39,10,0,test,order_details.csv,1734
10915,33,2.5,30,0,test,order_details.csv,1735
10915,54,7.45,10,0,test,order_details.csv,1736
10916,16,17.45,6,0,test,order_details.csv,1737
10916,32,32,6,0,test,order_details.csv,1738
10916,57,19.5,20,0,test,order_details.csv,1739
10917,30,25.89,1,0,test,order_details.csv,1740
10917,60,34,10,0,test,order_details.csv,1741
10918,1,18,60,0.25,test,order_details.csv,1742
10918,60,34,25,0.25,test,order_details.csv,1743
10919,16,17.45,24,0,test,order_details.csv,1744
10919,25,14,24,0,test,order_details.csv,1745
10919,40,18.4,20,0,test,order_details.csv,1746
10920,50,16.25,24,0,test,order_details.csv,1747
10921,35,18,10,0,test,order_details.csv,1748
10921,63,43.9,40,0,test,order_details.csv,1749
10922,17,39,15,0,test,order_details.csv,1750
10922,24,4.5,35,0,test,order_details.csv,1751
10923,42,14,10,0.2,test,order_details.csv,1752
10923,43,46,10,0.2,test,order_details.csv,1753
10923,67,14,24,0.2,test,order_details.csv,1754
10924,10,31,20,0.1,test,order_details.csv,1755
10924,28,45.6,30,0.1,test,order_details.csv,1756
10924,75,7.75,6,0,test,order_details.csv,1757
10925,36,19,25,0.15,test,order_details.csv,1758
10925,52,7,12,0.15,test,order_details.csv,1759
10926,11,21,2,0,test,order_details.csv,1760
10926,13,6,10,0,test,order_details.csv,1761
10926,19,9.2,7,0,test,order_details.csv,1762
10926,72,34.8,10,0,test,order_details.csv,1763
10927,20,81,5,0,test,order_details.csv,1764
10927,52,7,5,0,test,order_details.csv,1765
10927,76,18,20,0,test,order_details.csv,1766
10928,47,9.5,5,0,test,order_details.csv,1767
10928,76,18,5,0,test,order_details.csv,1768
10929,21,10,60,0,test,order_details.csv,1769
10929,75,7.75,49,0,test,order_details.csv,1770
10929,77,13,15,0,test,order_details.csv,1771
10930,21,10,36,0,test,order_details.csv,1772
10930,27,43.9,25,0,test,order_details.csv,1773
10930,55,24,25,0.2,test,order_details.csv,1774
10930,58,13.25,30,0.2,test,order_details.csv,1775
10931,13,6,42,0.15,test,order_details.csv,1776
10931,57,19.5,30,0,test,order_details.csv,1777
10932,16,17.45,30,0.1,test,order_details.csv,1778
10932,62,49.3,14,0.1,test,order_details.csv,1779
10932,72,34.8,16,0,test,order_details.csv,1780
10932,75,7.75,20,0.1,test,order_details.csv,1781
10933,53,32.8,2,0,test,order_details.csv,1782
10933,61,28.5,30,0,test,order_details.csv,1783
10934,6,25,20,0,test,order_details.csv,1784
10935,1,18,21,0,test,order_details.csv,1785
10935,18,62.5,4,0.25,test,order_details.csv,1786
10935,23,9,8,0.25,test,order_details.csv,1787
10936,36,19,30,0.2,test,order_details.csv,1788
10937,28,45.6,8,0,test,order_details.csv,1789
10937,34,14,20,0,test,order_details.csv,1790
10938,13,6,20,0.25,test,order_details.csv,1791
10938,43,46,24,0.25,test,order_details.csv,1792
10938,60,34,49,0.25,test,order_details.csv,1793
10938,71,21.5,35,0.25,test,order_details.csv,1794
10939,2,19,10,0.15,test,order_details.csv,1795
10939,67,14,40,0.15,test,order_details.csv,1796
10940,7,30,8,0,test,order_details.csv,1797
10940,13,6,20,0,test,order_details.csv,1798
10941,31,12.5,44,0.25,test,order_details.csv,1799
10941,62,49.3,30,0.25,test,order_details.csv,1800
10941,68,12.5,80,0.25,test,order_details.csv,1801
10941,72,34.8,50,0,test,order_details.csv,1802
10942,49,20,28,0,test,order_details.csv,1803
10943,13,6,15,0,test,order_details.csv,1804
10943,22,21,21,0,test,order_details.csv,1805
10943,46,12,15,0,test,order_details.csv,1806
10944,11,21,5,0.25,test,order_details.csv,1807
10944,44,19.45,18,0.25,test,order_details.csv,1808
10944,56,38,18,0,test,order_details.csv,1809
10945,13,6,20,0,test,order_details.csv,1810
10945,31,12.5,10,0,test,order_details.csv,1811
10946,10,31,25,0,test,order_details.csv,1812
10946,24,4.5,25,0,test,order_details.csv,1813
10946,77,13,40,0,test,order_details.csv,1814
10947,59,55,4,0,test,order_details.csv,1815
10948,50,16.25,9,0,test,order_details.csv,1816
10948,51,53,40,0,test,order_details.csv,1817
10948,55,24,4,0,test,order_details.csv,1818
10949,6,25,12,0,test,order_details.csv,1819
10949,10,31,30,0,test,order_details.csv,1820
10949,17,39,6,0,test,order_details.csv,1821
10949,62,49.3,60,0,test,order_details.csv,1822
10950,4,22,5,0,test,order_details.csv,1823
10951,33,2.5,15,0.05,test,order_details.csv,1824
10951,41,9.65,6,0.05,test,order_details.csv,1825
10951,75,7.75,50,0.05,test,order_details.csv,1826
10952,6,25,16,0.05,test,order_details.csv,1827
10952,28,45.6,2,0,test,order_details.csv,1828
10953,20,81,50,0.05,test,order_details.csv,1829
10953,31,12.5,50,0.05,test,order_details.csv,1830
10954,16,17.45,28,0.15,test,order_details.csv,1831
10954,31,12.5,25,0.15,test,order_details.csv,1832
10954,45,9.5,30,0,test,order_details.csv,1833
10954,60,34,24,0.15,test,order_details.csv,1834
10955,75,7.75,12,0.2,test,order_details.csv,1835
10956,21,10,12,0,test,order_details.csv,1836
10956,47,9.5,14,0,test,order_details.csv,1837
10956,51,53,8,0,test,order_details.csv,1838
10957,30,25.89,30,0,test,order_details.csv,1839
10957,35,18,40,0,test,order_details.csv,1840
10957,64,33.25,8,0,test,order_details.csv,1841
10958,5,21.35,20,0,test,order_details.csv,1842
10958,7,30,6,0,test,order_details.csv,1843
10958,72,34.8,5,0,test,order_details.csv,1844
10959,75,7.75,20,0.15,test,order_details.csv,1845
10960,24,4.5,10,0.25,test,order_details.csv,1846
10960,41,9.65,24,0,test,order_details.csv,1847
10961,52,7,6,0.05,test,order_details.csv,1848
10961,76,18,60,0,test,order_details.csv,1849
10962,7,30,45,0,test,order_details.csv,1850
10962,13,6,77,0,test,order_details.csv,1851
10962,53,32.8,20,0,test,order_details.csv,1852
10962,69,36,9,0,test,order_details.csv,1853
10962,76,18,44,0,test,order_details.csv,1854
10963,60,34,2,0.15,test,order_details.csv,1855
10964,18,62.5,6,0,test,order_details.csv,1856
10964,38,263.5,5,0,test,order_details.csv,1857
10964,69,36,10,0,test,order_details.csv,1858
10965,51,53,16,0,test,order_details.csv,1859
10966,37,26,8,0,test,order_details.csv,1860
10966,56,38,12,0.15,test,order_details.csv,1861
10966,62,49.3,12,0.15,test,order_details.csv,1862
10967,19,9.2,12,0,test,order_details.csv,1863
10967,49,20,40,0,test,order_details.csv,1864
10968,12,38,30,0,test,order_details.csv,1865
10968,24,4.5,30,0,test,order_details.csv,1866
10968,64,33.25,4,0,test,order_details.csv,1867
10969,46,12,9,0,test,order_details.csv,1868
10970,52,7,40,0.2,test,order_details.csv,1869
10971,29,123.79,14,0,test,order_details.csv,1870
10972,17,39,6,0,test,order_details.csv,1871
10972,33,2.5,7,0,test,order_details.csv,1872
10973,26,31.23,5,0,test,order_details.csv,1873
10973,41,9.65,6,0,test,order_details.csv,1874
10973,75,7.75,10,0,test,order_details.csv,1875
10974,63,43.9,10,0,test,order_details.csv,1876
10975,8,40,16,0,test,order_details.csv,1877
10975,75,7.75,10,0,test,order_details.csv,1878
10976,28,45.6,20,0,test,order_details.csv,1879
10977,39,18,30,0,test,order_details.csv,1880
10977,47,9.5,30,0,test,order_details.csv,1881
10977,51,53,10,0,test,order_details.csv,1882
10977,63,43.9,20,0,test,order_details.csv,1883
10978,8,40,20,0.15,test,order_details.csv,1884
10978,21,10,40,0.15,test,order_details.csv,1885
10978,40,18.4,10,0,test,order_details.csv,1886
10978,44,19.45,6,0.15,test,order_details.csv,1887
10979,7,30,18,0,test,order_details.csv,1888
10979,12,38,20,0,test,order_details.csv,1889
10979,24,4.5,80,0,test,order_details.csv,1890
10979,27,43.9,30,0,test,order_details.csv,1891
10979,31,12.5,24,0,test,order_details.csv,1892
10979,63,43.9,35,0,test,order_details.csv,1893
10980,75,7.75,40,0.2,test,order_details.csv,1894
10981,38,263.5,60,0,test,order_details.csv,1895
10982,7,30,20,0,test,order_details.csv,1896
10982,43,46,9,0,test,order_details.csv,1897
10983,13,6,84,0.15,test,order_details.csv,1898
10983,57,19.5,15,0,test,order_details.csv,1899
10984,16,17.45,55,0,test,order_details.csv,1900
10984,24,4.5,20,0,test,order_details.csv,1901
10984,36,19,40,0,test,order_details.csv,1902
10985,16,17.45,36,0.1,test,order_details.csv,1903
10985,18,62.5,8,0.1,test,order_details.csv,1904
10985,32,32,35,0.1,test,order_details.csv,1905
10986,11,21,30,0,test,order_details.csv,1906
10986,20,81,15,0,test,order_details.csv,1907
10986,76,18,10,0,test,order_details.csv,1908
10986,77,13,15,0,test,order_details.csv,1909
10987,7,30,60,0,test,order_details.csv,1910
10987,43,46,6,0,test,order_details.csv,1911
10987,72,34.8,20,0,test,order_details.csv,1912
10988,7,30,60,0,test,order_details.csv,1913
10988,62,49.3,40,0.1,test,order_details.csv,1914
10989,6,25,40,0,test,order_details.csv,1915
10989,11,21,15,0,test,order_details.csv,1916
10989,41,9.65,4,0,test,order_details.csv,1917
10990,21,10,65,0,test,order_details.csv,1918
10990,34,14,60,0.15,test,order_details.csv,1919
10990,55,24,65,0.15,test,order_details.csv,1920
10990,61,28.5,66,0.15,test,order_details.csv,1921
10991,2,19,50,0.2,test,order_details.csv,1922
10991,70,15,20,0.2,test,order_details.csv,1923
10991,76,18,90,0.2,test,order_details.csv,1924
10992,72,34.8,2,0,test,order_details.csv,1925
10993,29,123.79,50,0.25,test,order_details.csv,1926
10993,41,9.65,35,0.25,test,order_details.csv,1927
10994,59,55,18,0.05,test,order_details.csv,1928
10995,51,53,20,0,test,order_details.csv,1929
10995,60,34,4,0,test,order_details.csv,1930
10996,42,14,40,0,test,order_details.csv,1931
10997,32,32,50,0,test,order_details.csv,1932
10997,46,12,20,0.25,test,order_details.csv,1933
10997,52,7,20,0.25,test,order_details.csv,1934
10998,24,4.5,12,0,test,order_details.csv,1935
10998,61,28.5,7,0,test,order_details.csv,1936
10998,74,10,20,0,test,order_details.csv,1937
10998,75,7.75,30,0,test,order_details.csv,1938
10999,41,9.65,20,0.05,test,order_details.csv,1939
10999,51,53,15,0.05,test,order_details.csv,1940
10999,77,13,21,0.05,test,order_details.csv,1941
11000,4,22,25,0.25,test,order_details.csv,1942
11000,24,4.5,30,0.25,test,order_details.csv,1943
11000,77,13,30,0,test,order_details.csv,1944
11001,7,30,60,0,test,order_details.csv,1945
11001,22,21,25,0,test,order_details.csv,1946
11001,46,12,25,0,test,order_details.csv,1947
11001,55,24,6,0,test,order_details.csv,1948
11002,13,6,56,0,test,order_details.csv,1949
11002,35,18,15,0.15,test,order_details.csv,1950
11002,42,14,24,0.15,test,order_details.csv,1951
11002,55,24,40,0,test,order_details.csv,1952
11003,1,18,4,0,test,order_details.csv,1953
11003,40,18.4,10,0,test,order_details.csv,1954
11003,52,7,10,0,test,order_details.csv,1955
11004,26,31.23,6,0,test,order_details.csv,1956
11004,76,18,6,0,test,order_details.csv,1957
11005,1,18,2,0,test,order_details.csv,1958
11005,59,55,10,0,test,order_details.csv,1959
11006,1,18,8,0,test,order_details.csv,1960
11006,29,123.79,2,0.25,test,order_details.csv,1961
11007,8,40,30,0,test,order_details.csv,1962
11007,29,123.79,10,0,test,order_details.csv,1963
11007,42,14,14,0,test,order_details.csv,1964
11008,28,45.6,70,0.05,test,order_details.csv,1965
11008,34,14,90,0.05,test,order_details.csv,1966
11008,71,21.5,21,0,test,order_details.csv,1967
11009,24,4.5,12,0,test,order_details.csv,1968
11009,36,19,18,0.25,test,order_details.csv,1969
11009,60,34,9,0,test,order_details.csv,1970
11010,7,30,20,0,test,order_details.csv,1971
11010,24,4.5,10,0,test,order_details.csv,1972
11011,58,13.25,40,0.05,test,order_details.csv,1973
11011,71,21.5,20,0,test,order_details.csv,1974
11012,19,9.2,50,0.05,test,order_details.csv,1975
11012,60,34,36,0.05,test,order_details.csv,1976
11012,71,21.5,60,0.05,test,order_details.csv,1977
11013,23,9,10,0,test,order_details.csv,1978
11013,42,14,4,0,test,order_details.csv,1979
11013,45,9.5,20,0,test,order_details.csv,1980
11013,68,12.5,2,0,test,order_details.csv,1981
11014,41,9.65,28,0.1,test,order_details.csv,1982
11015,30,25.89,15,0,test,order_details.csv,1983
11015,77,13,18,0,test,order_details.csv,1984
11016,31,12.5,15,0,test,order_details.csv,1985
11016,36,19,16,0,test,order_details.csv,1986
11017,3,10,25,0,test,order_details.csv,1987
11017,59,55,110,0,test,order_details.csv,1988
11017,70,15,30,0,test,order_details.csv,1989
11018,12,38,20,0,test,order_details.csv,1990
11018,18,62.5,10,0,test,order_details.csv,1991
11018,56,38,5,0,test,order_details.csv,1992
11019,46,12,3,0,test,order_details.csv,1993
11019,49,20,2,0,test,order_details.csv,1994
11020,10,31,24,0.15,test,order_details.csv,1995
11021,2,19,11,0.25,test,order_details.csv,1996
11021,20,81,15,0,test,order_details.csv,1997
11021,26,31.23,63,0,test,order_details.csv,1998
11021,51,53,44,0.25,test,order_details.csv,1999
11021,72,34.8,35,0,test,order_details.csv,2000
11022,19,9.2,35,0,test,order_details.csv,2001
11022,69,36,30,0,test,order_details.csv,2002
11023,7,30,4,0,test,order_details.csv,2003
11023,43,46,30,0,test,order_details.csv,2004
11024,26,31.23,12,0,test,order_details.csv,2005
11024,33,2.5,30,0,test,order_details.csv,2006
11024,65,21.05,21,0,test,order_details.csv,2007
11024,71,21.5,50,0,test,order_details.csv,2008
11025,1,18,10,0.1,test,order_details.csv,2009
11025,13,6,20,0.1,test,order_details.csv,2010
11026,18,62.5,8,0,test,order_details.csv,2011
11026,51,53,10,0,test,order_details.csv,2012
11027,24,4.5,30,0.25,test,order_details.csv,2013
11027,62,49.3,21,0.25,test,order_details.csv,2014
11028,55,24,35,0,test,order_details.csv,2015
11028,59,55,24,0,test,order_details.csv,2016
11029,56,38,20,0,test,order_details.csv,2017
11029,63,43.9,12,0,test,order_details.csv,2018
11030,2,19,100,0.25,test,order_details.csv,2019
11030,5,21.35,70,0,test,order_details.csv,2020
11030,29,123.79,60,0.25,test,order_details.csv,2021
11030,59,55,100,0.25,test,order_details.csv,2022
11031,1,18,45,0,test,order_details.csv,2023
11031,13,6,80,0,test,order_details.csv,2024
11031,24,4.5,21,0,test,order_details.csv,2025
11031,64,33.25,20,0,test,order_details.csv,2026
11031,71,21.5,16,0,test,order_details.csv,2027
11032,36,19,35,0,test,order_details.csv,2028
11032,38,263.5,25,0,test,order_details.csv,2029
11032,59,55,30,0,test,order_details.csv,2030
11033,53,32.8,70,0.1,test,order_details.csv,2031
11033,69,36,36,0.1,test,order_details.csv,2032
11034,21,10,15,0.1,test,order_details.csv,2033
11034,44,19.45,12,0,test,order_details.csv,2034
11034,61,28.5,6,0,test,order_details.csv,2035
11035,1,18,10,0,test,order_details.csv,2036
11035,35,18,60,0,test,order_details.csv,2037
11035,42,14,30,0,test,order_details.csv,2038
11035,54,7.45,10,0,test,order_details.csv,2039
11036,13,6,7,0,test,order_details.csv,2040
11036,59,55,30,0,test,order_details.csv,2041
11037,70,15,4,0,test,order_details.csv,2042
11038,40,18.4,5,0.2,test,order_details.csv,2043
11038,52,7,2,0,test,order_details.csv,2044
11038,71,21.5,30,0,test,order_details.csv,2045
11039,28,45.6,20,0,test,order_details.csv,2046
11039,35,18,24,0,test,order_details.csv,2047
11039,49,20,60,0,test,order_details.csv,2048
11039,57,19.5,28,0,test,order_details.csv,2049
11040,21,10,20,0,test,order_details.csv,2050
11041,2,19,30,0.2,test,order_details.csv,2051
11041,63,43.9,30,0,test,order_details.csv,2052
11042,44,19.45,15,0,test,order_details.csv,2053
11042,61,28.5,4,0,test,order_details.csv,2054
11043,11,21,10,0,test,order_details.csv,2055
11044,62,49.3,12,0,test,order_details.csv,2056
11045,33,2.5,15,0,test,order_details.csv,2057
11045,51,53,24,0,test,order_details.csv,2058
11046,12,38,20,0.05,test,order_details.csv,2059
11046,32,32,15,0.05,test,order_details.csv,2060
11046,35,18,18,0.05,test,order_details.csv,2061
11047,1,18,25,0.25,test,order_details.csv,2062
11047,5,21.35,30,0.25,test,order_details.csv,2063
11048,68,12.5,42,0,test,order_details.csv,2064
11049,2,19,10,0.2,test,order_details.csv,2065
11049,12,38,4,0.2,test,order_details.csv,2066
11050,76,18,50,0.1,test,order_details.csv,2067
11051,24,4.5,10,0.2,test,order_details.csv,2068
11052,43,46,30,0.2,test,order_details.csv,2069
11052,61,28.5,10,0.2,test,order_details.csv,2070
11053,18,62.5,35,0.2,test,order_details.csv,2071
11053,32,32,20,0,test,order_details.csv,2072
11053,64,33.25,25,0.2,test,order_details.csv,2073
11054,33,2.5,10,0,test,order_details.csv,2074
11054,67,14,20,0,test,order_details.csv,2075
11055,24,4.5,15,0,test,order_details.csv,2076
11055,25,14,15,0,test,order_details.csv,2077
11055,51,53,20,0,test,order_details.csv,2078
11055,57,19.5,20,0,test,order_details.csv,2079
11056,7,30,40,0,test,order_details.csv,2080
11056,55,24,35,0,test,order_details.csv,2081
11056,60,34,50,0,test,order_details.csv,2082
11057,70,15,3,0,test,order_details.csv,2083
11058,21,10,3,0,test,order_details.csv,2084
11058,60,34,21,0,test,order_details.csv,2085
11058,61,28.5,4,0,test,order_details.csv,2086
11059,13,6,30,0,test,order_details.csv,2087
11059,17,39,12,0,test,order_details.csv,2088
11059,60,34,35,0,test,order_details.csv,2089
11060,60,34,4,0,test,order_details.csv,2090
11060,77,13,10,0,test,order_details.csv,2091
11061,60,34,15,0,test,order_details.csv,2092
11062,53,32.8,10,0.2,test,order_details.csv,2093
11062,70,15,12,0.2,test,order_details.csv,2094
11063,34,14,30,0,test,order_details.csv,2095
11063,40,18.4,40,0.1,test,order_details.csv,2096
11063,41,9.65,30,0.1,test,order_details.csv,2097
11064,17,39,77,0.1,test,order_details.csv,2098
11064,41,9.65,12,0,test,order_details.csv,2099
11064,53,32.8,25,0.1,test,order_details.csv,2100
11064,55,24,4,0.1,test,order_details.csv,2101
11064,68,12.5,55,0,test,order_details.csv,2102
11065,30,25.89,4,0.25,test,order_details.csv,2103
11065,54,7.45,20,0.25,test,order_details.csv,2104
11066,16,17.45,3,0,test,order_details.csv,2105
11066,19,9.2,42,0,test,order_details.csv,2106
11066,34,14,35,0,test,order_details.csv,2107
11067,41,9.65,9,0,test,order_details.csv,2108
11068,28,45.6,8,0.15,test,order_details.csv,2109
11068,43,46,36,0.15,test,order_details.csv,2110
11068,77,13,28,0.15,test,order_details.csv,2111
11069,39,18,20,0,test,order_details.csv,2112
11070,1,18,40,0.15,test,order_details.csv,2113
11070,2,19,20,0.15,test,order_details.csv,2114
11070,16,17.45,30,0.15,test,order_details.csv,2115
11070,31,12.5,20,0,test,order_details.csv,2116
11071,7,30,15,0.05,test,order_details.csv,2117
11071,13,6,10,0.05,test,order_details.csv,2118
11072,2,19,8,0,test,order_details.csv,2119
11072,41,9.65,40,0,test,order_details.csv,2120
11072,50,16.25,22,0,test,order_details.csv,2121
11072,64,33.25,130,0,test,order_details.csv,2122
11073,11,21,10,0,test,order_details.csv,2123
11073,24,4.5,20,0,test,order_details.csv,2124
11074,16,17.45,14,0.05,test,order_details.csv,2125
11075,2,19,10,0.15,test,order_details.csv,2126
11075,46,12,30,0.15,test,order_details.csv,2127
11075,76,18,2,0.15,test,order_details.csv,2128
11076,6,25,20,0.25,test,order_details.csv,2129
11076,14,23.25,20,0.25,test,order_details.csv,2130
11076,19,9.2,10,0.25,test,order_details.csv,2131
11077,2,19,24,0.2,test,order_details.csv,2132
11077,3,10,4,0,test,order_details.csv,2133
11077,4,22,1,0,test,order_details.csv,2134
11077,6,25,1,0.02,test,order_details.csv,2135
11077,7,30,1,0.05,test,order_details.csv,2136
11077,8,40,2,0.1,test,order_details.csv,2137
11077,10,31,1,0,test,order_details.csv,2138
11077,12,38,2,0.05,test,order_details.csv,2139
11077,13,6,4,0,test,order_details.csv,2140
11077,14,23.25,1,0.03,test,order_details.csv,2141
11077,16,17.45,2,0.03,test,order_details.csv,2142
11077,20,81,1,0.04,test,order_details.csv,2143
11077,23,9,2,0,test,order_details.csv,2144
11077,32,32,1,0,test,order_details.csv,2145
11077,39,18,2,0.05,test,order_details.csv,2146
11077,41,9.65,3,0,test,order_details.csv,2147
11077,46,12,3,0.02,test,order_details.csv,2148
11077,52,7,2,0,test,order_details.csv,2149
11077,55,24,2,0,test,order_details.csv,2150
11077,60,34,2,0.06,test,order_details.csv,2151
11077,64,33.25,2,0.03,test,order_details.csv,2152
11077,66,17,1,0,test,order_details.csv,2153
11077,73,15,2,0.01,test,order_details.csv,2154
11077,75,7.75,4,0,test,order_details.csv,2155
11077,77,13,2,0,test,order_details.csv,2156
